level,analysis,event,a,b,c,d,expected,ROR,ROR025,ROR975,PRR,chi2,IC,IC025,EBGM,EB05,signal_count
class,GLP1_CLASS_POOLED,NAUSEA,51289,332897,702475,18931428,14466.194855263157,4.152090885504304,4.112431696672758,4.192132536921199,3.7312853657127705,99300.72716377056,1.8259281540832504,1.811356634677655,3.5453977526875717,3.5197214828576144,4
class,GLP1_CLASS_POOLED,BLOOD GLUCOSE INCREASED,34985,349201,147734,19486169,3506.732422560415,13.214550881884769,13.055295579057791,13.375748863935277,12.102261359094404,290739.1419675267,3.318352164711882,3.300708962135662,9.975838397327989,9.888415777751373,4
class,GLP1_CLASS_POOLED,INCORRECT DOSE ADMINISTERED,34314,349872,176780,19457123,4051.30377250296,10.794627345084676,10.665483105776332,10.925335342394527,9.91980930715712,232930.34834263576,3.0821821214746,3.0643672467491463,8.469377751678481,8.394437277962243,4
class,GLP1_CLASS_POOLED,INJECTION SITE PAIN,26214,357972,260477,19373426,5502.157000400987,5.446547353539383,5.375536649779226,5.518496106907798,5.14314797843024,80642.55467014408,2.252164720575206,2.2317824205054726,4.76414432003242,4.715938635385254,4
class,GLP1_CLASS_POOLED,VOMITING,25085,359101,422364,19211539,8587.415188033183,3.1774063079544197,3.135871420024938,3.219491329063564,3.035234971062818,33051.06937038846,1.5464738452385285,1.5256379074838504,2.9210875171075386,2.890875583957065,4
class,GLP1_CLASS_POOLED,DIARRHOEA,24258,359928,587756,19046147,11745.73709828146,2.1839838333203816,2.1552196195005395,2.213131943050036,2.109225565635755,14017.08222327558,1.0462916815155443,1.0251035422741954,2.0652457289469908,2.0435259721925134,4
class,GLP1_CLASS_POOLED,WEIGHT DECREASED,23579,360607,244582,19389321,5146.530317953927,5.183574422624262,5.112709964146594,5.255421094352936,4.926812069724734,68218.47914242753,2.195720940794255,2.174229882286777,4.581362639041884,4.532495529123373,4
class,GLP1_CLASS_POOLED,DECREASED APPETITE,17706,366480,203441,19430462,4244.240363902868,4.614395616959652,4.542509663938206,4.687419176860139,4.447818779714444,44016.13552086864,2.0605308493950947,2.0357302348324,4.171591639766497,4.120276967953229,4
class,GLP1_CLASS_POOLED,CONSTIPATION,12902,371284,192218,19441685,3936.651111901841,3.5147193421419307,3.451611120359695,3.578981415710372,3.4302682977199184,21030.425057454057,1.7124266398328798,1.683373210266879,3.277275582952897,3.230089028514008,4
class,GLP1_CLASS_POOLED,ABDOMINAL PAIN UPPER,10211,373975,185906,19447997,3763.866059442537,2.856322083426715,2.799250646357672,2.914557099374756,2.806984250205644,11369.034715489472,1.439715971433665,1.4070575684240767,2.712809133060793,2.6689350336469406,4
class,GLP1_CLASS_POOLED,EXTRA DOSE ADMINISTERED,11502,372684,25364,19608539,707.5301281755716,23.859432348745067,23.333953704066538,24.396744727625485,23.175052410706552,168203.09743067963,4.021992894884029,3.991221959302239,16.250645356217344,16.00292040031669,4
class,GLP1_CLASS_POOLED,ACCIDENTAL OVERDOSE,4258,379928,30721,19603182,671.3149339080269,7.151474251944544,6.924787045850582,7.385582204563479,7.0832963970389,19566.565378534626,2.6642095787864366,2.613633236516025,6.340726081926765,6.1824881055505525,4
class,GLP1_CLASS_POOLED,INJECTION SITE PRURITUS,4543,379643,58728,19575175,1214.2933526771712,3.988667021691232,3.8694158673622985,4.111593365841122,3.9533260298811626,9330.13159329686,1.9030931596107468,1.8541291921488228,3.740743105305497,3.650336386438078,4
class,GLP1_CLASS_POOLED,INJECTION SITE HAEMORRHAGE,10535,373651,65146,19568757,1452.465351013276,8.469229009269768,8.294598040045898,8.647536585276127,8.264410698314508,58119.45340415948,2.8581865796320187,2.8260343313777123,7.252060323837719,7.136579228517542,4
class,GLP1_CLASS_POOLED,BLOOD GLUCOSE DECREASED,10733,373453,35792,19598111,892.905094487291,15.736691214466086,15.397167806515428,16.08370146324326,15.324992436257446,110809.15707329128,3.5866622979340645,3.554808018825516,12.016975494588957,11.827380417508394,4
class,GLP1_CLASS_POOLED,WEIGHT INCREASED,8401,375785,203997,19429906,4076.3300646730063,2.12930788793099,2.082854984055892,2.176796808377068,2.1046132984183363,4726.990780393442,1.043199107074027,1.0071937724353954,2.0608818421953656,2.0241602088964283,4
class,GLP1_CLASS_POOLED,INJECTION SITE ERYTHEMA,7303,376883,110552,19523351,2261.866306519069,3.422019743384211,3.3412059078637637,3.504788225278339,3.3759795175927065,11520.829575637485,1.690755462003457,1.652137934875624,3.2285304998285644,3.166862037655081,4
class,GLP1_CLASS_POOLED,INAPPROPRIATE SCHEDULE OF PRODUCT ADMINISTRATION,8208,375978,156041,19477862,3152.257256624246,2.7250688169890425,2.664628282244946,2.786880296515378,2.6882133229058485,8334.056657570674,1.3805045162953673,1.344078296581054,2.603747220311467,2.556814231828072,4
class,GLP1_CLASS_POOLED,PANCREATITIS,8245,375941,42549,19591354,974.8354942372372,10.098248695161478,9.860708061201745,10.341511590893065,9.90299155280958,55413.65032512856,3.07963651497601,3.043292126809276,8.455812211968668,8.303734655406636,4
class,GLP1_CLASS_POOLED,INJECTION SITE BRUISING,7649,376537,66982,19566921,1432.3138120726708,5.934189127114955,5.794191734729107,6.077569091354157,5.835951261515214,27608.828290739195,2.4165143011006167,2.378780389937292,5.339547251681451,5.239872014136228,4
class,GLP1_CLASS_POOLED,ILLNESS,5332,378854,85992,19547911,1752.6848973445967,3.1993412605614235,3.1114762758609253,3.2896874647384493,3.168817275821445,7484.735709918961,1.604833904505256,1.5596381267515755,3.041937055108668,2.9740252210710367,4
class,GLP1_CLASS_POOLED,ERUCTATION,5740,378446,11546,19622357,331.7519067879057,25.77671636130198,24.969482629656746,26.61004700120803,25.40653537627422,89951.96113073526,4.110827017488009,4.067267312678972,17.28860483565948,16.91648244316001,4
class,GLP1_CLASS_POOLED,ABDOMINAL DISTENSION,5781,378405,93276,19540627,1901.096183656692,3.2004768058998265,3.1159702598763017,3.287275208303621,3.167365353595716,8111.408033767804,1.604232932951518,1.560827989121718,3.040644418655587,2.975427641192945,4
class,GLP1_CLASS_POOLED,GLYCOSYLATED HAEMOGLOBIN INCREASED,6273,377913,17818,19616085,462.3530710648754,18.2741352968992,17.752602819837442,18.810989252585266,17.992082721538697,74531.42584965557,3.760644351007374,3.718976515373848,13.560161187027544,13.280860143896,4
class,GLP1_CLASS_POOLED,ABDOMINAL DISCOMFORT,6328,377858,153358,19480545,3064.6844259709305,2.1273184939324485,2.07407403899486,2.181929810384284,2.1087502185928875,3570.208359016316,1.045889707697094,1.0044033663200835,2.064758597845329,2.022414090635088,4
class,GLP1_CLASS_POOLED,DYSPEPSIA,6693,377493,86966,19546937,1797.498081560133,3.985117585852667,3.8864514863301016,4.086288540827369,3.9331131088490494,13654.945834519496,1.8963693051720396,1.85603016590287,3.7231552718086993,3.648894253385453,4
class,GLP1_CLASS_POOLED,ACCIDENTAL UNDERDOSE,6889,377297,7135,19626768,269.1477924790923,50.225890348467885,48.58269984926418,51.92465773049305,49.34320030091124,166096.5039072949,4.675251156157035,4.635490065353665,25.57028305129005,25.067515146052926,4
class,GLP1_CLASS_POOLED,IMPAIRED GASTRIC EMPTYING,4372,379814,6575,19627328,210.09418741219503,34.36169727984326,33.067778193386445,35.70624651727381,33.98204434999294,84085.21475975319,4.375920861793773,4.326008373305768,20.783721436365244,20.27178588403316,4
class,GLP1_CLASS_POOLED,DEHYDRATION,5635,378551,122660,19511243,2462.2301794142286,2.367835350568149,2.3049985010423555,2.432385203228888,2.3477727970121856,4193.917609373911,1.1942850441399284,1.1503213259049776,2.2884823231837377,2.238771898998876,4
class,GLP1_CLASS_POOLED,INJECTION SITE URTICARIA,2257,381929,20625,19613278,439.1500133704071,5.619596718127128,5.379992717425802,5.86987175133118,5.592457702668957,7676.741731971337,2.3602985699703947,2.2908254764400318,5.137115970862598,4.96169257790593,4
class,GLP1_CLASS_POOLED,CHOLELITHIASIS,2058,382128,29344,19604559,602.665357917032,3.59810864327504,3.4404404261443795,3.763002466320645,3.584191146052705,3586.31818609423,1.7709679720296372,1.6982123849042503,3.4139210242490945,3.291915655514842,4
class,GLP1_CLASS_POOLED,THYROID CANCER,607,383579,11119,19622784,225.04471011193925,2.7927287862950423,2.5734827616720226,3.0306533192915808,2.789896339581,659.6125665367587,1.4294709589935295,1.2954496522081629,2.695709320974072,2.520501580114102,4
class,GLP1_CLASS_POOLED,OPTIC ISCHAEMIC NEUROPATHY,629,383557,2430,19631473,58.70815011362973,13.248519392619343,12.13561113205526,14.463488009514409,13.228465776147225,5639.18594284458,3.410338693612313,3.2786847128944894,10.669723981345747,9.988152451459047,4
class,GLP1_CLASS_POOLED,ILEUS,796,383390,10917,19622986,224.7952148679127,3.7319349962491537,3.472578633349551,4.010661899049713,3.7262746643864246,1478.1078701590604,1.821857689809045,1.7048400374648522,3.5384060967523525,3.336883136209341,4
class,GLP1_CLASS_POOLED,INJECTION SITE RASH,2568,381618,25950,19607953,547.3157976268365,5.084649994545585,4.881993833540313,5.295718603618947,5.057347122535691,7613.407477978631,2.229163298240385,2.1640339670520112,4.690328554621823,4.540042918652108,4
class,GLP1_CLASS_POOLED,INCREASED APPETITE,2818,381368,14509,19619394,332.5387764036817,9.99182565792049,9.595475313497907,10.404547634846049,9.92587071759466,18949.117400981944,3.0811654992789106,3.0189930042359028,8.468252630204507,8.209078306707271,4
class,GLP1_CLASS_POOLED,HYPOGLYCAEMIA,2967,381219,43651,19590252,894.6899450791732,3.4929215668751907,3.3649558488024915,3.625753686094784,3.4736691779570137,4902.931806481002,1.7289822929374234,1.668391412368903,3.31565112658736,3.216723843703613,4
class,GLP1_CLASS_POOLED,BLOOD GLUCOSE ABNORMAL,2497,381689,15309,19618594,341.7317165489673,8.383588532252581,8.03537255732335,8.746894581018571,8.335599223519221,13864.950084544043,2.8674393041719743,2.8013902553712966,7.302079638212404,7.064849942663526,4
class,GLP1_CLASS_POOLED,HUNGER,3193,380993,8826,19625077,230.6679490734605,18.634998768400777,17.89350230087347,19.407222424049813,18.488432909500396,38798.09562877013,3.788125160181861,3.7297184302136257,13.827264000288553,13.42940202973073,4
class,GLP1_CLASS_POOLED,INJECTION SITE MASS,3649,380537,31556,19602347,675.652312765719,5.95666393624272,5.755117652054003,6.165268443586229,5.909585524475113,13359.877413658369,2.4322786455311647,2.377643843749372,5.39906455143564,5.253634410224921,4
class,GLP1_CLASS_POOLED,GASTROINTESTINAL DISORDER,3290,380896,79595,19554308,1590.7241000876757,2.122003766526665,2.0489830357532157,2.197626777079717,2.1123954195492303,1857.3563191811832,1.0481697898953872,0.9906307017025824,2.068135240458887,2.009500917871585,4
class,GLP1_CLASS_POOLED,GASTROOESOPHAGEAL REFLUX DISEASE,3836,380350,72664,19561239,1468.183551386948,2.715015017067741,2.6278575694272592,2.8050631924126392,2.697891026069964,3906.709391497024,1.3852671745442229,1.331980951332274,2.612533417039952,2.5438799769238605,4
class,GLP1_CLASS_POOLED,FLATULENCE,4090,380096,49781,19584122,1033.8890993041343,4.233216675306575,4.099722833908235,4.371057299746902,4.198796222187503,9232.268615705005,1.983498224177112,1.931893426109704,3.955258660940499,3.854565796138133,4
class,GLP1_CLASS_POOLED,PANCREATITIS ACUTE,2400,381786,18832,19615071,407.4833093208847,6.547638320970899,6.274555022112503,6.832606843220049,6.512982367942079,9939.235272414971,2.556752898423696,2.4893819411373848,5.886750365975021,5.691726932193192,4
class,GLP1_CLASS_POOLED,PANCREATIC CARCINOMA,2408,381778,25839,19608064,542.1147813859754,4.786351596407365,4.590019649225116,4.991081379858327,4.76261951183336,6553.526233120974,2.1501346701571182,2.0828757509829114,4.440317273573909,4.293454303688504,4
class,GLP1_CLASS_POOLED,INJECTION SITE SWELLING,2727,381459,69054,19564849,1377.616777805314,2.025465881350812,1.9491607060827996,2.104758229382216,2.018186997012383,1351.438701893796,0.9848810533380512,0.921679456476986,1.9794021914949835,1.9178319675040232,3
class,GLP1_CLASS_POOLED,INJECTION SITE REACTION,2579,381607,62931,19570972,1257.2641104752806,2.101758305240131,2.0203410651014995,2.186456559216621,2.094362318220265,1420.2792998049538,1.036230071616906,0.9712398226817216,2.051150076830364,1.9855664282174972,3
class,GLP1_CLASS_POOLED,ACUTE KIDNEY INJURY,3014,381172,141890,19492013,2780.989141570906,1.0862434251276734,1.0476030008859545,1.1263090862046414,1.0855668318022145,19.96449370571691,0.1160612557929205,0.055944767788596,1.083826947114903,1.0517394725083251,2
class,GLP1_CLASS_POOLED,DYSGEUSIA,1888,382298,70592,19563311,1391.0319451572025,1.3686324617336416,1.3073376128515364,1.4328011348387686,1.366820896273804,181.31628151975943,0.4405667550288921,0.3646050337074051,1.3572899170745114,1.3066794371078194,2
class,GLP1_CLASS_POOLED,UNDERDOSE,2165,382021,67958,19565945,1345.796538221006,1.6316646433074684,1.5631321999292394,1.7032017562815274,1.6281050290769636,509.5816935926936,0.6857039562895162,0.6147696419307056,1.608684867928464,1.5526125172729657,2
class,GLP1_CLASS_POOLED,VISION BLURRED,3152,381034,127214,19506689,2501.9766909818413,1.268443509344262,1.2242207648104058,1.3142637199482263,1.2662411023292923,173.04527706936807,0.3331397392390859,0.2743542852788089,1.2598283596900932,1.2233461580142306,2
class,GLP1_CLASS_POOLED,FEELING ABNORMAL,5669,378517,227231,19406672,4469.8032564447085,1.2791001611219155,1.2455868840679305,1.3135151333954502,1.2749817944625368,331.61077275878955,0.3428488034942718,0.2990171370009722,1.2683016372066265,1.2408336010235783,2
class,GLP1_CLASS_POOLED,ABDOMINAL PAIN,7482,376704,215007,19418896,4269.995949863146,1.7938635625200492,1.7525941690187283,1.83610475135772,1.7784031158229414,2490.344366989601,0.8091167481728611,0.7709640064759261,1.752208200315328,1.7191388343492338,2
class,GLP1_CLASS_POOLED,DIZZINESS,10946,373240,466579,19167324,9164.632031059507,1.204768376016004,1.1818253078164922,1.2281568436962391,1.1989342367088165,361.45139808454303,0.2562420915083078,0.224699284154298,1.1943828900726443,1.1757218799570024,2
class,GLP1_CLASS_POOLED,PRODUCT DOSE OMISSION ISSUE,7656,376530,246797,19387106,4883.447179098864,1.5972593868258,1.5609843557706915,1.6343773974233904,1.5853572928777169,1624.9808680329634,0.648637449279202,0.6109207940167557,1.5677397159539803,1.5384874398622628,2
class,GLP1_CLASS_POOLED,OFF LABEL USE,19101,365085,798107,18835796,15683.808413880066,1.234766883329799,1.2167249873933483,1.253076308915393,1.2230947187051573,791.1839386493324,0.2843640182857251,0.2604862362916624,1.2178848745627129,1.2034584873104026,2
class,GLP1_CLASS_POOLED,VISUAL IMPAIRMENT,4195,379991,112605,19521298,2241.6188078692226,1.9138578192432705,1.855462978981299,1.9740904527718544,1.9038792319138895,1744.806489649265,0.903980027247226,0.8530252615885451,1.8713655532964752,1.8243182836262248,2
class,GLP1_CLASS_POOLED,PRODUCT STORAGE ERROR,2345,381841,78881,19555022,1558.8846685615194,1.5224610461578494,1.4610150645903592,1.5864912643580062,1.5192720409540152,405.3103374149929,0.5889186452986167,0.5207619655914683,1.5042755267313936,1.453866951758425,2
class,GLP1_CLASS_POOLED,WRONG TECHNIQUE IN PRODUCT USAGE PROCESS,5062,379124,188562,19445341,3716.020548414986,1.376899526490776,1.338747127668768,1.4161392146938698,1.3719335324069304,501.5487435808821,0.4458974182735564,0.3995117935027398,1.3622185775581688,1.3310136561027337,2
class,GLP1_CLASS_POOLED,HYPERHIDROSIS,2835,381351,121740,19512163,2390.836155738942,1.1915171331566636,1.147806157697462,1.2368927184132443,1.1901038826152612,84.46666507640217,0.2457862089673816,0.1838004489712654,1.1858119679110732,1.1496273342029524,2
class,GLP1_CLASS_POOLED,TREMOR,3435,380751,156705,19477198,3073.3975675700112,1.1213193438026243,1.0838804391012853,1.1600514461064575,1.1202346297683752,43.606003377891554,0.160450992578192,0.104139690305806,1.1176885894701072,1.086669082550217,2
class,GLP1_CLASS_POOLED,HEART RATE INCREASED,2028,382158,92854,19541049,1820.969826440476,1.116791890768573,1.068598330198962,1.1671589708120018,1.1161753822167817,23.99626302783188,0.1553102062311263,0.0820182742548326,1.1137485561476743,1.07365684225948,2
class,GLP1_CLASS_POOLED,MALAISE,8262,375924,415898,19218005,8140.454054330561,1.0155623868814296,0.993449812753734,1.0381671508794896,1.0152277145081148,1.874860357955525,0.0213804899671078,-0.0149264843744933,1.01494712570735,0.9967119824975496,0
class,GLP1_CLASS_POOLED,HEADACHE,11566,372620,589274,19044629,11531.286340069724,1.003164751244809,0.984593402011564,1.0220863922956087,1.0030694757457084,0.1067019122916471,0.0043363617542779,-0.0263493155998959,1.0030219937959364,0.98777402343973,0
class,GLP1_CLASS_POOLED,FATIGUE,12516,371670,731263,18902640,14274.563315908928,0.8704762177875512,0.8549780643054723,0.8862553056834847,0.8746958396846819,229.2798787605333,-0.1896659479911417,-0.2191640121891755,0.8768162804347331,0.8639997243120606,0
class,GLP1_CLASS_POOLED,DRUG INEFFECTIVE,13075,371111,1249480,18384423,24230.882140148344,0.5183923276743834,0.509381964560741,0.5275620734303021,0.5347828789064882,5588.674757514592,-0.8900105819964811,-0.918871152833588,0.539611591950616,0.5318934838188967,0
class,GLP1_CLASS_POOLED,ASTHENIA,6976,377210,354387,19279516,6935.257682089435,1.0061010891246442,0.982325928746591,1.0304516779164865,1.005990306332628,0.2424547962137813,0.0084499452757681,-0.0310624053356919,1.0058938435645168,0.9862385061321536,0
class,GLP1_CLASS_POOLED,DYSPNOEA,4948,379238,537721,19096182,10414.87189081835,0.4633481047290418,0.4504751544550079,0.4765889173526835,0.4702597401811423,3006.74207507506,-1.0736511693683457,-1.1205681806642724,0.4751170426963478,0.4641098353988396,0
class,GLP1_CLASS_POOLED,PAIN,5667,378519,587793,19046110,11389.649809230044,0.4851180199936973,0.4724980403654797,0.4980750674448702,0.4927128729573548,3020.604978507061,-1.0070023311746952,-1.0508417325020427,0.4975813017003599,0.4868031308643858,0
class,GLP1_CLASS_POOLED,DEPRESSION,3187,380999,218116,19415787,4247.234306831187,0.7446045779484831,0.7189092085126286,0.7712183554428615,0.7467232007251543,272.60365202547524,-0.4142681873050272,-0.4727298833492371,0.7504189882339622,0.7288065559109745,0
class,GLP1_CLASS_POOLED,BACK PAIN,3500,380686,220210,19413693,4293.429310859793,0.8105359077698143,0.7837966726744947,0.8381873522663847,0.8122619579715543,150.99457227322324,-0.2947374342853724,-0.3505232880620357,0.81524270741346,0.7928257885558927,0
class,GLP1_CLASS_POOLED,ARTHRALGIA,3991,380195,391711,19242192,7594.289773214616,0.5156607820150848,0.4997467508341661,0.5320815826507413,0.5206921934121107,1777.77760882834,-0.928079019829304,-0.9803200593751156,0.5255618347832396,0.5120188843885162,0
class,GLP1_CLASS_POOLED,PAIN IN EXTREMITY,3201,380985,281902,19352001,5471.680196746053,0.5767737913115892,0.5569435822186662,0.5973100632899171,0.5803000704940987,974.1946457332908,-0.7733677284241107,-0.8317014108838593,0.58505832333418,0.5682448167430888,0
class,GLP1_CLASS_POOLED,ALOPECIA,3590,380596,185913,19447990,3636.9305560585726,0.986722866036614,0.9545187823484556,1.0200134689482518,0.9868469333137364,0.6101261037312921,-0.0187349425827993,-0.073816952002612,0.987134140237214,0.960329313303943,0
class,GLP1_CLASS_POOLED,RASH,4053,380133,408458,19225445,7916.887123740932,0.5018454894411924,0.4864756186908088,0.5177009609448455,0.5071008090814054,1962.6413436190376,-0.9658562511781316,-1.0176961064101375,0.5119780850212331,0.4988854167504605,0
class,GLP1_CLASS_POOLED,DRUG DOSE OMISSION,2597,381589,162879,19471024,3175.805769271982,0.8135791319390787,0.7825397080908942,0.8458497339918526,0.8148392897645961,108.26349183427143,-0.2902260520726476,-0.3549906213449513,0.8178038595267393,0.7917449279442031,0
class,GLP1_CLASS_POOLED,CONDITION AGGRAVATED,2689,381497,283763,19350140,5497.570126299269,0.4806489741061304,0.462675668511959,0.4993204787541238,0.4842840230371915,1483.612876532379,-1.0315873192000655,-1.09523403809114,0.4891759635083304,0.4738541459984314,0
class,GLP1_CLASS_POOLED,NASOPHARYNGITIS,2637,381549,174057,19459846,3391.100972925038,0.7726943120470866,0.7434444793415486,0.803094940457046,0.7742545071065937,172.2695689039066,-0.362795350773097,-0.4270667106631889,0.7776818160570677,0.753087589333664,0
class,GLP1_CLASS_POOLED,MUSCLE SPASMS,2617,381569,173666,19460237,3383.2130848254296,0.7685355519108498,0.7393362152944545,0.7988880868167377,0.7701122425259406,178.26257546693972,-0.3704177060511165,-0.4349342567623299,0.7735837668650816,0.7490270406219152,0
class,GLP1_CLASS_POOLED,COVID-19,3018,381168,168975,19464928,3300.879654296672,0.9120804533821608,0.8797087385346142,0.9456433896832038,0.9127711115313192,24.8428041906875,-0.1292372549729759,-0.1893138817422476,0.9143498770284628,0.8872976221035741,0
class,GLP1_CLASS_POOLED,INSOMNIA,3177,381009,254002,19379901,4935.764412577045,0.6362040043373541,0.6142379852537442,0.6589555593304409,0.6392123905831314,646.9125850975975,-0.635527549746719,-0.6940812017843397,0.6437169980732147,0.6251488217091392,0
class,GLP1_CLASS_POOLED,COUGH,3012,381174,264277,19369626,5129.794944662301,0.5791533395387675,0.5586417403741548,0.600418061268135,0.5824527573762452,903.0600187465396,-0.7680805285384247,-0.8282169769375352,0.5872069872800306,0.569816601543153,0
class,GLP1_CLASS_POOLED,ANXIETY,4060,380126,271175,19362728,5282.29411458806,0.7626325786118147,0.7392385445164039,0.7867669431936658,0.765141029546612,292.1474738786208,-0.3796437968101178,-0.4314389353917272,0.7686433253964711,0.7490038079566459,0
class,GLP1_CLASS_POOLED,PRODUCT USE IN UNAPPROVED INDICATION,3737,380449,224832,19409071,4386.682956300175,0.8479559187037878,0.8208514510987981,0.8759553742669112,0.8494348604970963,99.08349140520532,-0.2312212922260682,-0.2852088593787968,0.8519367808044622,0.8292577353068383,0
class,GLP1_CLASS_POOLED,FALL,3863,380323,315162,19318741,6122.709248120537,0.622611431448801,0.6030698191026186,0.6427862617093814,0.626406083102722,863.6987226037687,-0.6643795871256786,-0.7174792303744708,0.6309688893657172,0.6144454095890658,0
class,GLP1_CLASS_POOLED,PRURITUS,3970,380216,350141,19283762,6796.0777198063215,0.5750543767049711,0.5572518632904087,0.5934256266366341,0.5794455677543099,1219.3359794038245,-0.7754877935296611,-0.8278668445403042,0.584197598430068,0.5691043442545183,0
class,GLP1_CLASS_POOLED,CHEST PAIN,2218,381968,176752,19457151,3434.7818325715307,0.6392187032710501,0.6129274973487727,0.6666376567847433,0.6413015821790394,443.0834111273732,-0.6308439103027239,-0.7009253233376356,0.6458153592160372,0.6235715800828966,0
class,GLP1_CLASS_POOLED,HYPERSENSITIVITY,2223,381963,175578,19458325,3412.3464525509903,0.6449908032137285,0.6184898163551594,0.6726273015809863,0.6470449786507717,426.0779235495495,-0.618143102883482,-0.6881456322975533,0.6515262382185028,0.6291106561885125,0
class,GLP1_CLASS_POOLED,HYPERTENSION,2239,381947,201214,19432689,3904.658144840899,0.5661424187560347,0.5429792533170377,0.590293710776069,0.5686709000760339,731.4429304384078,-0.8022043073101157,-0.8719561878299984,0.5734830651472757,0.5538221736730298,0
class,GLP1_CLASS_POOLED,SOMNOLENCE,2407,381779,190552,19443351,3703.257907085936,0.6433120096940427,0.6178840392486212,0.6697864251678217,0.6455467293159614,466.75214590640905,-0.6214540031047256,-0.6887268964812363,0.6500313317385797,0.6285272167067422,0
class,GLP1_CLASS_POOLED,URINARY TRACT INFECTION,2430,381756,160484,19473419,3126.636014256905,0.7723797340560287,0.7419545338844695,0.8040525751047626,0.77381944619089,159.3220001591533,-0.3635888362801854,-0.4305425094145678,0.7772563463290839,0.7516637567272699,0
class,GLP1_CLASS_POOLED,PALPITATIONS,2046,382140,109922,19523981,2148.8833448587425,0.9509701493780218,0.9101712629570806,0.993597866482741,0.951231260075373,5.001470812405809,-0.0707641451634866,-0.1437328538103672,0.9521913855332628,0.9180641563428956,0
class,GLP1_CLASS_POOLED,PYREXIA,2128,382058,331024,19302879,6393.833810609994,0.3247917070145107,0.3112010676733165,0.3389758709187259,0.3285316747579296,2950.185118831824,-1.586956970598907,-1.6585055070087222,0.3328712380866848,0.3211696791853297,0
class,GLP1_CLASS_POOLED,URTICARIA,2201,381985,155998,19477905,3036.146008442664,0.7194439192734278,0.6897197461833299,0.7504490857971329,0.7210512238958741,235.79996722658143,-0.4639918944478186,-0.5343435201005184,0.7250021770780475,0.6999360783117604,0
class,GLP1_CLASS_POOLED,DEATH,2178,382008,822777,18811126,15832.488387378036,0.1303521104538181,0.1249687999212092,0.1359673191266728,0.1352822565378284,12521.679260013829,-2.861526563373126,-2.932248795934856,0.1375891493693138,0.1328074700592703,0
class,GLP1_CLASS_POOLED,BLOOD PRESSURE INCREASED,2209,381977,145039,19488864,2825.975053263076,0.777070157263107,0.7450045287372736,0.8105159177117618,0.7783519635303989,138.12905228843954,-0.355284032591327,-0.425508110697117,0.7817466095053461,0.7547669349240876,0
class,GLP1_CLASS_POOLED,MEMORY IMPAIRMENT,1946,382240,130682,19503221,2545.3888634424598,0.7597964727406273,0.7264544869718357,0.7946687512324226,0.7610131648221887,144.6242973107868,-0.3872870974684583,-0.4621078266458607,0.7645987994236495,0.7365101761520727,0
class,GLP1_CLASS_POOLED,RENAL FAILURE,1952,382234,128079,19505824,2495.547390462696,0.7777443615460972,0.7436601290200038,0.8133907793522106,0.7788736140598848,121.27069131611184,-0.3543227773939922,-0.4290283852328621,0.7822717684475875,0.7535774416079893,0
class,GLP1_CLASS_POOLED,MYALGIA,1999,382187,161254,19472649,3133.1420825434434,0.6316135274431594,0.6042892042664549,0.6601733825999052,0.6335303192019457,421.6422429818229,-0.6482011267327898,-0.7220229645681604,0.638093325010779,0.6149602647099535,0
class,GLP1_CLASS_POOLED,LOSS OF CONSCIOUSNESS,1838,382348,121433,19512470,2365.8098635688957,0.7724354699541685,0.7375804201960277,0.808937627553539,0.7735241707559266,120.57314025923569,-0.3641098275521766,-0.4410982222482409,0.7769845732056984,0.7476270793661678,0
class,GLP1_CLASS_POOLED,PRODUCT USE ISSUE,1853,382333,174981,19458922,3393.787844783785,0.5389661845654611,0.5147948289899215,0.5642724669068845,0.5411898357656615,719.0987574321987,-0.8728567993503523,-0.9495328309753706,0.5460751119195113,0.5255246664826762,0
class,GLP1_CLASS_POOLED,PNEUMONIA,1854,382332,306837,19327066,5924.379721061287,0.3054409648810308,0.2917762492830363,0.3197456381617801,0.3087927591970927,2895.24615397302,-1.6757555988130564,-1.7524109411729605,0.3129996872769834,0.3012236978187166,0
class,GLP1_CLASS_POOLED,OVERDOSE,1809,382377,208333,19425570,4033.033043863478,0.4411258504204146,0.4211282623930394,0.4620730387539773,0.4437573969540975,1263.1488197427177,-1.1564529672428612,-1.2340562478772517,0.4486178572707393,0.4315341153999208,0
class,GLP1_CLASS_POOLED,DEEP VEIN THROMBOSIS,432,383754,62864,19571039,1214.773151223376,0.3504634262171747,0.3188046173300297,0.3852661048153258,0.3511938010873527,515.2441014019255,-1.490508580187155,-1.6494104593537418,0.3558828612709863,0.3286033362640088,0
class,GLP1_CLASS_POOLED,PULMONARY EMBOLISM,780,383406,91435,19542468,1769.7849175313388,0.4348131180290732,0.4051939837554465,0.4665973711107043,0.4359605980724306,566.426413379648,-1.181511035438617,-1.2997238577846086,0.4408969976148716,0.4155364827833617,0
class,GLP1_CLASS_POOLED,VENOUS THROMBOSIS,24,384162,3771,19630132,72.83341931390154,0.3252097260396936,0.2176967721941043,0.4858196327160646,0.3252518800134851,32.708652762865015,-1.5816890601928404,-2.264882026038968,0.3339778675517441,0.2367910048789513,0
class,GLP1_CLASS_POOLED,PORTAL VEIN THROMBOSIS,54,384132,3029,19630874,59.16875671798642,0.9110739613597872,0.6961157157162365,1.1924106069258429,0.9110864605296856,0.375658232040522,-0.1307194867471375,-0.5826987937925787,0.915337443519562,0.7287018953957473,0
per-agent,SEMAGLUTIDE,NAUSEA,11651,66892,742113,19197433,2957.4694093926746,4.505698654169573,4.417308659377272,4.595857325724545,3.985666378604219,26656.20526631138,1.977836660026349,1.9472631282892523,3.9393867291700375,3.879717204739586,4
per-agent,SEMAGLUTIDE,VOMITING,7588,70955,439861,19499685,1755.6114775491308,4.7408526402993525,4.629070296606954,4.855334293261373,4.379450735169788,19893.67202677136,2.111430310139693,2.073545016781817,4.321885702344097,4.240885540137941,4
per-agent,SEMAGLUTIDE,OFF LABEL USE,7029,71514,810179,19129367,3206.398370194078,2.320716501977061,2.2643216793084067,2.378515884807326,2.2025224389492064,4768.65377899588,1.1322434416994145,1.0928803534305025,2.192150027142773,2.1494751301211754,4
per-agent,SEMAGLUTIDE,DIARRHOEA,6666,71877,605348,19334198,2401.2989252870243,2.962077498623044,2.888294254555264,3.037745580808193,2.7955545926247853,7841.901526701841,1.4728141503306875,1.4323933899856305,2.7759181233363126,2.72043871103375,4
per-agent,SEMAGLUTIDE,DECREASED APPETITE,4862,73681,216285,19723261,867.6926564268947,6.017439935600133,5.843514198593054,6.196542379801786,5.706848374711348,18661.2252758464,2.485611125322498,2.4382809340369933,5.602604970964573,5.47167332127893,4
per-agent,SEMAGLUTIDE,CONSTIPATION,4770,73773,200350,19739196,804.8090984109422,6.370317042162918,6.184451226909782,6.561768818079693,6.044171971423105,19810.99081747698,2.566525945981293,2.518741433386521,5.925983476980663,5.786178007379088,4
per-agent,SEMAGLUTIDE,WEIGHT DECREASED,4280,74263,263881,19675665,1052.156847888927,4.2972693713519625,4.165892702055002,4.432789169257841,4.117593106001945,10073.357629762646,2.0237441122869657,1.9732979450828323,4.067449129810584,3.9661994992148553,4
per-agent,SEMAGLUTIDE,ABDOMINAL PAIN UPPER,3067,75476,193050,19746496,769.4849159177982,4.156474646985008,4.007976987519706,4.31047422298709,4.033218497585278,6952.014847145698,1.9941612552326071,1.934566580830088,3.9852738628096462,3.868295896110254,4
per-agent,SEMAGLUTIDE,BLOOD GLUCOSE INCREASED,3078,75465,179641,19759905,716.9165057164048,4.486445820250982,4.326336841136242,4.652480108960068,4.349816455002233,7875.167735285753,2.101344725447309,2.0418566592272835,4.292769058433088,4.166988006955203,4
per-agent,SEMAGLUTIDE,ILLNESS,1831,76712,89493,19850053,358.3189650120948,5.294167071966624,5.052051927280786,5.547885371990136,5.194061143891926,6100.22437407702,2.351697651479824,2.2745621749719063,5.1083575417552245,4.914973443243569,4
per-agent,SEMAGLUTIDE,DEHYDRATION,2158,76385,126137,19813409,503.3784286302254,4.437721712160025,4.250346645968184,4.633357143530245,4.3432689480073785,5492.118897938725,2.098881492788754,2.0278321873274,4.28615525817376,4.136513273575133,4
per-agent,SEMAGLUTIDE,PRODUCT USE IN UNAPPROVED INDICATION,3053,75490,225516,19714030,896.8136252666276,3.5353745579549263,3.408932448545506,3.66650658342259,3.436823464599231,5262.155299029462,1.766779622108258,1.7070484319573442,3.403945591280262,3.3038049915163814,4
per-agent,SEMAGLUTIDE,WRONG TECHNIQUE IN PRODUCT USAGE PROCESS,2843,75700,190781,19748765,759.7033778798766,3.887637845829813,3.743750752476808,4.037055087155376,3.783114789724314,5788.661600239612,1.9032104635070684,1.8413119985690167,3.741787510385593,3.6277640476992503,4
per-agent,SEMAGLUTIDE,INAPPROPRIATE SCHEDULE OF PRODUCT ADMINISTRATION,2682,75861,161567,19777979,644.447589727471,4.32782270146087,4.16303675009938,4.499131393647424,4.214187871045454,6517.818314495581,2.056324338065687,1.9925945925634307,4.161050394163919,4.030547939692689,4
per-agent,SEMAGLUTIDE,IMPAIRED GASTRIC EMPTYING,2826,75717,8121,19931425,42.95166341802157,91.60255735003436,87.71225196970431,95.66540961648764,88.34265096663678,181071.60798056689,6.023461479371754,5.961377069585015,65.54744124753664,63.54408994398533,4
per-agent,SEMAGLUTIDE,WEIGHT INCREASED,2594,75949,209804,19729742,833.3650686636472,3.21185221366594,3.0878566370172096,3.340826940850397,3.138802487500025,3772.21639300455,1.637570676972675,1.5727686576573128,3.112385395288222,3.013151354483884,4
per-agent,SEMAGLUTIDE,ABDOMINAL PAIN,2504,76039,219985,19719561,872.9581293698914,2.951903128683369,2.836073555077524,3.072463358903424,2.889675235246357,3091.945238840908,1.519712159607011,1.4537555226401109,2.868171785752287,2.7751166501520403,4
per-agent,SEMAGLUTIDE,BLOOD GLUCOSE DECREASED,1283,77260,45242,19894304,182.5455504269164,7.302287155416959,6.9050263367163724,7.722403232067181,7.199339287110426,6669.542430313925,2.809808686565742,2.717653236153311,7.023468670710119,6.70679100633894,4
per-agent,SEMAGLUTIDE,PANCREATITIS,1480,77063,49314,19890232,199.29540437151616,7.746141420619462,7.352251021904249,8.161134151904358,7.619022653797253,8276.985817280729,2.8894891862898877,2.803689148062932,7.421329151755506,7.109381049387865,4
per-agent,SEMAGLUTIDE,DYSPEPSIA,1747,76796,91912,19847634,367.4805740448052,4.912367295508013,4.682779048005222,5.153211842496866,4.825346101190855,5219.758881155558,2.24759094308883,2.168622069780382,4.752579238603191,4.568456466551015,4
per-agent,SEMAGLUTIDE,VISUAL IMPAIRMENT,1241,77302,115559,19823987,458.2766317004585,2.754027549740389,2.603051549072464,2.9137601010750904,2.7263134544139085,1348.2878441519322,1.4362204484582757,1.3425176557211145,2.7075799003118743,2.583489004407016,4
per-agent,SEMAGLUTIDE,ABDOMINAL DISCOMFORT,1618,76925,158068,19781478,626.5441970010224,2.632241860603281,2.5051567143938755,2.7657739625237885,2.598617383177462,1586.1436046407398,1.3680183259446224,1.2859604667085482,2.582166510040682,2.4782818366623567,4
per-agent,SEMAGLUTIDE,ABDOMINAL DISTENSION,1688,76855,97369,19842177,388.66017385575617,4.4757819966030885,4.263306650325957,4.698846722551545,4.401082532484503,4379.281773906119,2.117306200086837,2.0369685244072646,4.341964877427606,4.170882257203374,4
per-agent,SEMAGLUTIDE,ILEUS,545,77998,11168,19928378,45.95714201290642,12.46836715644608,11.43783154071544,13.591752859320325,12.388789598926468,5432.672490631075,3.553606887410736,3.4121582384112923,11.82199503325403,11.01221427111793,4
per-agent,SEMAGLUTIDE,OPTIC ISCHAEMIC NEUROPATHY,527,78016,2532,19937014,12.002296373045398,53.18918650340449,48.41199620802861,58.437779527562064,52.83901269686165,22145.02909705289,5.39890608088145,5.255058886601478,43.33053323414957,40.31368567765863,4
per-agent,SEMAGLUTIDE,SURGERY,542,78001,53749,19885797,213.0162381134383,2.5708203503790856,2.361556069712911,2.798628141285969,2.559980623988377,509.91982802166615,1.34527734520597,1.2034372626795695,2.543692893067434,2.3689877649399347,4
per-agent,SEMAGLUTIDE,HYPOGLYCAEMIA,546,77997,46072,19893474,182.9104453477053,3.022653111245727,2.777264994485344,3.2897227484828293,3.008592423485644,723.2892036453192,1.5751456921756688,1.4338268026298695,2.983835630288544,2.7796313305119136,4
per-agent,SEMAGLUTIDE,CHOLELITHIASIS,688,77855,30714,19908832,123.20892798508388,5.728109758956831,5.309522507057864,6.179697207619144,5.686693725520848,2598.683170476457,2.476507032016763,2.3506306961680346,5.578680307856024,5.237506558557551,4
per-agent,SEMAGLUTIDE,ADVERSE DRUG REACTION,740,77803,83796,19855750,331.6855593958045,2.253711830563039,2.095659733444027,2.423684023776403,2.2418998708133904,505.52645350446846,1.1565103769666427,1.0351416740954789,2.230726931349867,2.099064174888824,4
per-agent,SEMAGLUTIDE,WEIGHT LOSS POOR,864,77679,2783,19936763,14.309373936742912,79.68040929767366,73.80057778891303,86.02869809507915,78.81489774816332,50602.995873752734,5.867283406477092,5.75496891425371,59.705136208456665,56.43792027427091,4
per-agent,SEMAGLUTIDE,DEVICE MALFUNCTION,644,77899,61160,19878386,242.49425467136248,2.686999759234449,2.4854821716721043,2.9048559625228627,2.673167490987158,667.8055201708352,1.4072581552707757,1.2771481545296313,2.655029360586558,2.4873442889918804,4
per-agent,SEMAGLUTIDE,HUNGER,925,77618,11094,19928452,47.15776401034085,21.40743766710224,20.0111938445397,22.901101804873807,21.167099510397374,16396.571656965814,4.27944981970904,4.170904767577842,19.55181266426092,18.516985104001712,4
per-agent,SEMAGLUTIDE,PRODUCT COMMUNICATION ISSUE,911,77632,6733,19932813,29.99200832806768,34.74062122036703,32.40653360391533,37.24282200399239,34.34927245686482,25961.768632274747,4.901739575893512,4.792363012975332,30.216265771501945,28.6050232546117,4
per-agent,SEMAGLUTIDE,INCREASED APPETITE,1025,77518,16302,19923244,67.98423970439936,16.15996706036914,15.16558489889944,17.21954920519859,15.962126816975353,13522.576258333484,3.904411663101452,3.801301209936691,15.044211520932544,14.28697242698959,4
per-agent,SEMAGLUTIDE,INTESTINAL OBSTRUCTION,1017,77526,34505,19905041,139.3741653361617,7.567538180617871,7.107216105077788,8.057674519590606,7.482499586094001,5551.626167093359,2.862827367070678,2.7593118786139668,7.290150343880839,6.921795616977738,4
per-agent,SEMAGLUTIDE,GASTROOESOPHAGEAL REFLUX DISEASE,971,77572,75529,19864017,300.1554993586051,3.292058807832724,3.0889129973845217,3.508564729212377,3.2637228758921872,1508.7594445067198,1.692102648369848,1.5861618154165502,3.234100520917496,3.066944211828794,4
per-agent,SEMAGLUTIDE,GASTROINTESTINAL DISORDER,1031,77512,81854,19857692,325.2076936514769,3.22684857246906,3.033379565607885,3.4326570362977136,3.1976176941194225,1542.0084832774985,1.663094117588452,1.5602843399869144,3.169493887070322,3.010415085506448,4
per-agent,SEMAGLUTIDE,GLYCOSYLATED HAEMOGLOBIN INCREASED,1093,77450,22998,19916548,94.52347888951836,12.221450061253815,11.497229297620413,12.991290138975906,12.06529298911562,10590.861099225987,3.5245253841657065,3.4246760478427003,11.545819106212225,10.98266890293306,4
per-agent,SEMAGLUTIDE,FLATULENCE,1049,77494,52822,19886724,211.36832556794008,5.096309738888896,4.792236469873964,5.419676828964343,5.041600485154069,3337.530971173476,2.308462341394488,2.2065390498460378,4.960279756326496,4.713421658963956,4
per-agent,SEMAGLUTIDE,VISION BLURRED,1129,77414,129237,19810309,511.5042069200512,2.235521316439145,2.107419639552205,2.371409785910372,2.2177615725248585,752.0731761809291,1.141456701334958,1.04321320928897,2.2070274616406964,2.1010752179166445,4
per-agent,SEMAGLUTIDE,ERUCTATION,1135,77408,16151,19923395,67.82337205114834,18.08730837544593,17.023770231590483,19.21728969657925,17.84038509767285,16856.550810210396,4.054804715922349,3.95682140541045,16.69770027219749,15.898177621728935,4
per-agent,SEMAGLUTIDE,DIABETES MELLITUS INADEQUATE CONTROL,497,78046,16478,19923068,66.60313204721989,7.699410196862095,7.040176488053514,8.42037376195581,7.657018043928792,2788.108626619128,2.890244514572177,2.742113451970212,7.447584954083648,6.914095143425175,4
per-agent,SEMAGLUTIDE,DIABETIC KETOACIDOSIS,500,78043,22549,19916997,90.43508633616324,5.658907827715307,5.177551093516483,6.185016279738549,5.629249501526371,1859.7526772518088,2.4604611135715966,2.312775744558202,5.521670215166993,5.127291536415248,4
per-agent,SEMAGLUTIDE,COVID-19,1354,77189,170639,19768907,674.8319581854192,2.03220544545614,1.925489078991095,2.144836352281739,2.0144112922770194,691.1527407058493,1.004091657813685,0.9143862317088908,2.0063323620446325,1.9182303797087543,3
per-agent,SEMAGLUTIDE,THYROID CANCER,91,78452,11635,19927911,46.0081488297909,1.986702141750128,1.616221735087336,2.4421063733691595,1.9855589476411777,43.22032352712148,0.9762882261794024,0.6290156357486311,1.976661923428146,1.658974675741283,2
per-agent,SEMAGLUTIDE,EMOTIONAL DISTRESS,528,78015,117571,19821975,463.3733897876066,1.1410443415790592,1.0472481526121633,1.2432413332045888,1.140096180541745,8.962364123792689,0.1881723836064002,0.0444616558852317,1.1396454094157973,1.060371661630117,2
per-agent,SEMAGLUTIDE,LOSS OF CONSCIOUSNESS,616,77927,122655,19816891,483.6662557050276,1.277153267093777,1.1795734985970183,1.382805284781626,1.2749795990071269,36.29922731253786,0.3485983613950719,0.2155608445567655,1.2737275816748383,1.1915226315403469,2
per-agent,SEMAGLUTIDE,HYPERHIDROSIS,610,77933,123965,19815581,488.7826317986697,1.251169549782662,1.1551327054398155,1.3551908234710703,1.2492188549356684,30.119115495750076,0.3193232232789437,0.1856322674560933,1.2481280386349467,1.1671907248944544,2
per-agent,SEMAGLUTIDE,INJECTION SITE PAIN,1293,77250,285398,19654148,1124.8611799557889,1.1526656030750313,1.0908871225220371,1.217942686352946,1.1501523730637506,25.4461668542745,0.2008919513322391,0.1090937522042772,1.1495459943365187,1.097911816129722,2
per-agent,SEMAGLUTIDE,ANXIETY,1466,77077,273769,19665777,1079.9124034766755,1.3662683509955926,1.2972812357835104,1.4389240786365065,1.359431975983694,140.14500164190576,0.4407949634441511,0.3545860145312347,1.357559249124951,1.3002284763129548,2
per-agent,SEMAGLUTIDE,DEPRESSION,1341,77202,219962,19719584,868.3047382295083,1.5572212287567615,1.4751411185131749,1.6438684576394047,1.5477075398505216,260.6791859893198,0.6267431782477877,0.5366037577063617,1.5444048002004849,1.4762649522732545,2
per-agent,SEMAGLUTIDE,CONDITION AGGRAVATED,1331,77212,285121,19654425,1123.9234392453743,1.1882953311160689,1.1254791824165131,1.254617425193461,1.1851044536894937,38.67160575121107,0.243866995606456,0.1533894131295664,1.184310101263781,1.131865424527001,2
per-agent,SEMAGLUTIDE,DIZZINESS,2909,75634,474616,19464930,1873.6177102119989,1.5773828818374305,1.519867404063752,1.6370748851255643,1.555998330658266,587.8869205109349,0.6345596769737013,0.5733675970731162,1.5526180220621015,1.5058383255915642,2
per-agent,SEMAGLUTIDE,MALAISE,2065,76478,422095,19517451,1664.234726901254,1.2485226456750405,1.1949981826770786,1.304444491514876,1.2419886545705632,98.7392174128944,0.3111987559752276,0.238566630634079,1.240849284279358,1.196576878663738,2
per-agent,SEMAGLUTIDE,ASTHENIA,2083,76460,359280,19580266,1417.844336140178,1.4847061984433307,1.4212916567511846,1.5509501411798885,1.4718515454334191,318.55443007085984,0.5548012770995219,0.4824837612878816,1.469150353692508,1.4169560641697918,2
per-agent,SEMAGLUTIDE,PRODUCT DOSE OMISSION ISSUE,1230,77313,253223,19686323,998.372121284904,1.2368414821866374,1.1689382328936904,1.3086892095835525,1.2331324944590287,54.40957590298497,0.3008727611493166,0.206751663759289,1.23207160612707,1.1753574422207105,2
per-agent,SEMAGLUTIDE,HEADACHE,3444,75099,597396,19342150,2357.456604374174,1.4848118513144368,1.434814564295786,1.5365513346917177,1.46355353401147,517.8368077483711,0.5467574107023293,0.4905197492704137,1.460908278909983,1.4204148682563993,2
per-agent,SEMAGLUTIDE,FATIGUE,3609,74934,740170,19199376,2918.292250424104,1.2492909713910307,1.2081535909775891,1.2918290711169154,1.2378362126505924,170.208798737251,0.3064274755834099,0.2514906789873961,1.2367044972222652,1.2032096591627195,2
per-agent,SEMAGLUTIDE,INJECTION SITE BRUISING,505,78038,74126,19865420,292.822288531138,1.734252917449838,1.5884828456036546,1.8933998500564957,1.7295319655723675,154.196897458279,0.7852243915359215,0.6382729881327824,1.7245412116836405,1.6019610330072311,2
per-agent,SEMAGLUTIDE,ASTHMA,488,78055,105522,19834024,415.94097368634937,1.1751327080840557,1.074842090061912,1.2847811733251184,1.1740445810511562,12.425403484048765,0.2302465396034906,0.0807537892490853,1.1734255025074072,1.088621769378873,2
per-agent,SEMAGLUTIDE,MIGRAINE,481,78062,89836,19849710,354.36789850419785,1.3614734045092447,1.244439224686232,1.4895141477506506,1.3592597291012651,45.27600615547935,0.4402537245531322,0.2896755271699701,1.3574738174085597,1.2586792625499776,2
per-agent,SEMAGLUTIDE,ACUTE KIDNEY INJURY,840,77703,144064,19795482,568.5455226020825,1.485429728317771,1.3875171033829397,1.590251732674489,1.4802381648202358,130.5839828396436,0.5627037493456601,0.4487947267139258,1.4774984869193666,1.3955254045565937,2
per-agent,SEMAGLUTIDE,BLOOD PRESSURE INCREASED,672,77871,146576,19792970,577.7424440464822,1.1653103984620985,1.0799121043122533,1.25746189837247,1.163896031965192,15.388347987896196,0.2178597585291808,0.0904921461038997,1.1632820407684417,1.0913191971760747,2
per-agent,SEMAGLUTIDE,MUSCLE SPASMS,864,77679,175419,19764127,691.6642077572939,1.253173265793727,1.1717097774182712,1.340300528651734,1.2503882728389657,43.23950598689774,0.3207516230953863,0.2084371308720045,1.24925229735598,1.1808900546589856,2
per-agent,SEMAGLUTIDE,URINARY TRACT INFECTION,881,77662,162033,19777513,639.209581993566,1.3846357597691945,1.295439240118259,1.4799738404223377,1.380321382875561,92.19197559128186,0.4625434764788578,0.3513187693446689,1.3783298335266774,1.3036190481984222,2
per-agent,SEMAGLUTIDE,SUICIDAL IDEATION,621,77922,87529,19852017,345.8654544896868,1.807524451236821,1.6698180794824498,1.95658717674898,1.8011397615226763,219.90096752862684,0.8434593443589466,0.7109591019832262,1.7954158065315455,1.67999660874484,2
per-agent,SEMAGLUTIDE,MEMORY IMPAIRMENT,578,77965,132050,19807496,520.3793930579487,1.1120372281341693,1.0244829300886813,1.2070740862898337,1.1112127432295749,6.336651736969611,0.1513675967712661,0.0140212839237118,1.1108935869303307,1.0369427709952854,2
per-agent,SEMAGLUTIDE,ALOPECIA,916,77627,188587,19750959,743.5342169274999,1.2358310615673205,1.1577110485563673,1.319222455930677,1.2330807050441972,40.31079327303964,0.3007659106999963,0.191688505186369,1.2320427742651312,1.1665213318275325,2
per-agent,SEMAGLUTIDE,FEELING ABNORMAL,1090,77453,231810,19707736,913.8067424917532,1.196445230843458,1.1268564120274935,1.2703314948818252,1.1937190133368774,34.31196534992776,0.2542396058958289,0.1542528671931327,1.192891682059087,1.134629684088448,2
per-agent,SEMAGLUTIDE,NASOPHARYNGITIS,784,77759,175910,19763636,693.2768078911029,1.132769935076526,1.0556508404691178,1.2155228572006382,1.131444653013198,11.892891796005973,0.177301833291096,0.0593912336801189,1.1309808183184509,1.0660827601934042,2
per-agent,SEMAGLUTIDE,INCORRECT DOSE ADMINISTERED,908,77635,210186,19729360,828.248692570005,1.0978360892766748,1.0281652255647011,1.172228012532076,1.096705050621884,7.694200268347733,0.1325518252212038,0.0229945820435993,1.096395953457583,1.0378377085699058,2
per-agent,SEMAGLUTIDE,PRODUCT USE ISSUE,1143,77400,175691,19763855,693.8261120729356,1.661221005351229,1.5666880356451935,1.761458034932696,1.6515985614782362,293.88118124953195,0.7197710316011698,0.6221314358594252,1.647382345887371,1.568773168135457,2
per-agent,SEMAGLUTIDE,BACK PAIN,1108,77435,222602,19716944,877.7488465557327,1.267397945161219,1.1942480070315182,1.3450284546771594,1.2636257831195523,61.05668454069305,0.3359070884008904,0.2367363670650574,1.2623894748914524,1.2012260000057418,2
per-agent,SEMAGLUTIDE,PALPITATIONS,577,77966,111391,19828155,439.3177902246313,1.3173548114960087,1.2135101241520354,1.4300858846021964,1.3150234296257823,43.24741208306392,0.3929149854695918,0.2554495603848059,1.313519395493166,1.2260063942263248,2
per-agent,SEMAGLUTIDE,HEART RATE INCREASED,554,77989,94328,19845218,372.279138433244,1.4944853449107427,1.3743347043377454,1.6251401053204415,1.4909975117355323,88.98532686838246,0.5728663346250311,0.432572823933495,1.4881935070317136,1.3870633441516145,2
per-agent,SEMAGLUTIDE,INJECTION SITE HAEMORRHAGE,532,78011,75149,19864397,296.9420698948836,1.8026356996455728,1.6548054742814116,1.9636721754547948,1.797199159250993,186.7157175814396,0.8401728102404546,0.697004090449247,1.7915042006138953,1.6673429301696183,2
per-agent,SEMAGLUTIDE,CHILLS,493,78050,112601,19826945,443.7357652870861,1.1122119737945737,1.0177608515861092,1.2154284306811558,1.1115076398236186,5.410610668201619,0.1517245361795496,0.0029928898384202,1.1112155655917086,1.0313037475297846,2
per-agent,SEMAGLUTIDE,INFLUENZA,585,77958,105025,19834521,414.3715331668273,1.417177354008191,1.3061735158274623,1.5376147413625505,1.4140701547403405,70.49668562645203,0.4970045021117937,0.3604833945403518,1.4118636003309786,1.3184260324881745,2
per-agent,SEMAGLUTIDE,FALL,1324,77219,317701,19621845,1251.7269043513595,1.058973447663306,1.0028656155726297,1.118220373141004,1.0579793317687485,4.198538540384213,0.0809518404447443,-0.0097647327050201,1.0578145370626102,1.010850030127165,1
per-agent,SEMAGLUTIDE,PAIN,1846,76697,591614,19347932,2328.500426788991,0.7871353729914622,0.7515694940143288,0.8243843055750688,0.7921383408110995,103.2275825313112,-0.3349176413789341,-0.4117389684424125,0.7928445898628932,0.7629506529798558,0
per-agent,SEMAGLUTIDE,DRUG INEFFECTIVE,1997,76546,1260558,18678988,4953.76243781312,0.386585957011063,0.3697730214446785,0.4041633474888821,0.4021823544474852,1890.3896329897211,-1.310474790078432,-1.384333598191174,0.4031690627195255,0.3885450703958015,0
per-agent,SEMAGLUTIDE,RASH,1235,77308,411276,19528270,1618.5286953714713,0.7585302825508082,0.7170039991753445,0.8024616183568897,0.7623271212385302,92.91643410796664,-0.3900335452660881,-0.48396381101258,0.7631275997000988,0.7280694958195797,0
per-agent,SEMAGLUTIDE,PRURITUS,1249,77294,352862,19586684,1389.390379521242,0.8969591839039129,0.8481060375302691,0.948626400458633,0.8985977510493494,14.394944528060488,-0.1536202008353078,-0.2470222511735877,0.8990427287812602,0.8579684635290896,0
per-agent,SEMAGLUTIDE,DYSPNOEA,1615,76928,541054,19398492,2129.216793221371,0.7526887812350451,0.7164415304006828,0.790769905647778,0.7577739908438633,127.90006833989736,-0.3986808450214812,-0.4808149171521545,0.7585628079676254,0.7280167508871864,0
per-agent,SEMAGLUTIDE,ARTHRALGIA,1476,77067,394226,19545320,1552.576881139853,0.9495447255262612,0.901791397517189,0.9998267761891764,0.9504928938560072,3.817951558964062,-0.0729478919873131,-0.1588641676937948,0.9507501580727228,0.9107331475300504,0
per-agent,SEMAGLUTIDE,COUGH,905,77638,266384,19673162,1048.7354675563686,0.8608753493946119,0.8061800104087092,0.9192814974655302,0.8624783924257906,19.90583770318789,-0.2125519350157487,-0.3222907568223314,0.8630654164852454,0.8168946441282727,0
per-agent,SEMAGLUTIDE,HYPERTENSION,828,77715,202625,19736921,798.2684550458338,1.0377956843927791,0.9689741064019944,1.1115053286031338,1.0373972424351603,1.085671502605861,0.052724338434952,-0.0620078455058508,1.0373682302641285,0.9794080418005606,0
per-agent,SEMAGLUTIDE,INSOMNIA,1002,77541,256177,19683369,1009.0678584254472,0.9928773939470976,0.9327786128940758,1.0568483301226008,0.9929682594763618,0.0434760638744755,-0.0101356484554062,-0.114423620482841,0.9931003927968066,0.942554925004835,0
per-agent,SEMAGLUTIDE,PAIN IN EXTREMITY,966,77577,284137,19655409,1118.6305010932865,0.86138725177911,0.8083400372365421,0.9179156831872256,0.8630920493394449,21.07090032956401,-0.2115366403223292,-0.3177514945101222,0.8636696467410513,0.8189174785300996,0
per-agent,SEMAGLUTIDE,MYALGIA,630,77913,162623,19776923,640.5396828338609,0.9833483120999064,0.9090574653397444,1.0637104251141545,0.9834818766871652,0.1592786651983866,-0.0239172974536689,-0.1554666316343597,0.9837130920916922,0.9209159009273178,0
per-agent,SEMAGLUTIDE,TREMOR,635,77908,159505,19780041,628.3255119906801,1.0107518752296152,0.9346741018073216,1.0930219969770651,1.0106649490774335,0.0614062793854877,0.0152323750704175,-0.1157974438842359,1.0107862209591487,0.9465085752688384,0
per-agent,SEMAGLUTIDE,PYREXIA,695,77848,332457,19607089,1307.1556198995818,0.5265201345593346,0.4885944323297908,0.5673897076036672,0.5307097950826308,292.2015955250967,-0.91086022731683,-1.0361003987209414,0.5318283409776337,0.4994635314320338,0
per-agent,SEMAGLUTIDE,CHEST PAIN,689,77854,178281,19761265,702.2069244471837,0.98095248531921,0.9099407402957702,1.0575059845558252,0.9811195751631816,0.2329288975059918,-0.0273725631543505,-0.1531574245561711,0.9813455778143144,0.9213721722432936,0
per-agent,SEMAGLUTIDE,HYPOTENSION,594,77949,191662,19747884,754.3358913031109,0.7851641263015056,0.7241813996626292,0.8512821587491813,0.7867888733696964,34.330676749302526,-0.3444862125619614,-0.4799678773624343,0.7876330515859594,0.7358928082138757,0
per-agent,SEMAGLUTIDE,SOMNOLENCE,584,77959,192375,19747171,757.094183016171,0.7689583930427901,0.708751178609879,0.8342801085575623,0.7706762838600877,39.88561764286809,-0.3742222287447975,-0.5108603126591184,0.7715586344849329,0.7204541534377092,0
per-agent,SEMAGLUTIDE,PERIPHERAL SWELLING,581,77962,145725,19793821,574.0464116230075,1.012252213578025,0.9327652719087588,1.0985127499406313,1.012161581235374,0.0733750899834401,0.0173557538073188,-0.1196350715462487,1.0122918874920317,0.9450742473459603,0
per-agent,SEMAGLUTIDE,PNEUMONIA,580,77963,308111,19631435,1211.1804085295057,0.4740064966921672,0.4367918704803017,0.5143918055510472,0.4778906904703338,334.8624494125571,-1.0616412531500403,-1.1987502674624433,0.4790295416343377,0.4471946395808356,0
per-agent,SEMAGLUTIDE,HOSPITALISATION,550,77993,143263,19796283,564.264873585086,0.97444352943882,0.8959072210657436,1.05986442539847,0.9746224894837464,0.3395471488335719,-0.0369077969856573,-0.1777111970094101,0.9749122633066352,0.9084284866664224,0
per-agent,SEMAGLUTIDE,PARAESTHESIA,505,78038,151656,19787890,597.0190972275126,0.8443551137555063,0.7735008860997317,0.921699730326038,0.8453558479718396,14.192416253767869,-0.2412737314841555,-0.3882251348872946,0.8460871268672494,0.7859473572377701,0
per-agent,SEMAGLUTIDE,CEREBROVASCULAR ACCIDENT,482,78061,163833,19775713,644.7065474131921,0.7453215775796088,0.6813888293001833,0.8152529512059723,0.7468844794245425,41.31060657962702,-0.4192321363369775,-0.569653821292696,0.7478542176846118,0.6934814735435643,0
per-agent,SEMAGLUTIDE,GAIT DISTURBANCE,487,78056,184900,19754646,727.3846739816173,0.6665841912225877,0.6096933472918612,0.7287835531772134,0.6686515110203368,80.16576432291014,-0.578307669123877,-0.7279540471955412,0.6697412191032514,0.62129070126113,0
per-agent,SEMAGLUTIDE,DEEP VEIN THROMBOSIS,115,78428,63181,19876365,248.34826780918,0.4612933225986744,0.3841229005061001,0.5539673088841145,0.4620820786673393,71.57039198000231,-1.1073734930517047,-1.4160445105531545,0.4638406066131594,0.3969954576867889,0
per-agent,SEMAGLUTIDE,PULMONARY EMBOLISM,223,78320,91992,19847554,361.8148937693304,0.6143121648962503,0.5385636466127097,0.7007146477729079,0.6154072133057602,53.32907378142623,-0.6969692808289442,-0.9183048696070832,0.616802696132797,0.5518158558194363,0
per-agent,SEMAGLUTIDE,VENOUS THROMBOSIS,8,78535,3787,19935759,14.890066928966096,0.5362461765797011,0.2679664390034479,1.0731193166045987,0.5362934122415343,2.7536190328712014,-0.8564647593692619,-2.069060637847472,0.5496554929039478,0.3008683149356125,0
per-agent,SEMAGLUTIDE,PORTAL VEIN THROMBOSIS,18,78525,3065,19936481,12.096462804216726,1.4910169629376873,0.9380748194458902,2.369887281572169,1.4909044347005067,2.42366246770112,0.5545066014008975,-0.237862438901568,1.4901281070180463,0.9994795452070148,0
per-agent,TIRZEPATIDE,INCORRECT DOSE ADMINISTERED,25956,95282,185138,19711713,1278.4744024267252,29.00385333532368,28.58730159763588,29.42647473822904,23.008472207528257,484323.8746958532,4.343036566712611,4.322553215364914,20.30058645042396,20.094160762712423,4
per-agent,TIRZEPATIDE,INJECTION SITE PAIN,12357,108881,274334,19622517,1736.3217566871642,8.117756570762197,7.96510811796981,8.273330476642572,7.392289984832798,66303.49651122122,2.8308652979432494,2.801178050707009,7.1163539068595885,7.01166854559774,4
per-agent,TIRZEPATIDE,NAUSEA,12148,109090,741616,19155235,4565.1130750792445,2.876260618016315,2.8224382658003035,2.931109333017002,2.68826004074135,13166.41176791456,1.4118976874770084,1.381956137660746,2.661004625026909,2.6215265139029342,4
per-agent,TIRZEPATIDE,EXTRA DOSE ADMINISTERED,8040,113198,28826,19868025,223.27606336449,48.95393541101744,47.726117300086514,50.21334078273583,45.77382982774668,275797.6985314469,5.167157589415555,5.130352731466347,35.99129644785005,35.33584030939219,4
per-agent,TIRZEPATIDE,VOMITING,5760,115478,441689,19455162,2709.9400877876005,2.1970578773385867,2.1393244158060454,2.256349378669068,2.1401858291897367,3531.591852515397,1.0876669225751503,1.0441829173761146,2.1254521333082863,2.0797811160432427,4
per-agent,TIRZEPATIDE,ACCIDENTAL UNDERDOSE,4451,116787,9573,19887278,84.93526589875786,79.17542031015651,76.37424233613399,82.0793370846193,76.30537299990307,225909.99244251556,5.703316038350938,5.653848548298939,52.335569194397706,51.05779362777693,4
per-agent,TIRZEPATIDE,INJECTION SITE HAEMORRHAGE,4753,116485,70928,19825923,458.356093731025,11.405478533477622,11.069211642111522,11.751960734288062,10.997543402003831,40628.750493789245,3.372876488210132,3.3250065839603624,10.367289373557693,10.122267388726849,4
per-agent,TIRZEPATIDE,INJECTION SITE ERYTHEMA,4307,116931,113548,19783303,713.7796464987242,6.417479965552719,6.221808604547128,6.619305048723565,6.225023093848835,18301.44451723194,2.5922898792252003,2.542002106917532,6.033239209440109,5.883519484668079,4
per-agent,TIRZEPATIDE,CONSTIPATION,4289,116949,200831,19696020,1242.2933357924426,3.596725214000533,3.4876789391358747,3.709180945489317,3.5048616527173686,7592.868809737948,1.7872230811937782,1.7368298784743743,3.4522418090783136,3.366393838624423,4
per-agent,TIRZEPATIDE,INJECTION SITE BRUISING,3011,118227,71620,19825231,451.9968503487021,7.049819953845811,6.794370088767564,7.314874040171347,6.899569967199465,14625.035345052169,2.7345026036060656,2.674356167550824,6.660073043559896,6.462789170290752,4
per-agent,TIRZEPATIDE,PRODUCT DOSE OMISSION ISSUE,3844,117394,250609,19646242,1541.0748155830458,2.5669671092925217,2.4852122416105176,2.6514114287154245,2.517284488595047,3505.430557014431,1.3183910714485836,1.265160336116106,2.494237105436215,2.428757067291298,4
per-agent,TIRZEPATIDE,THERAPEUTIC RESPONSE CHANGED,1205,120033,3598,19893253,29.088996157425417,55.50486277242816,51.98671374040985,59.26109903329679,54.96313196491915,47796.18705907178,5.348427088531776,5.253334073464448,41.26628735971896,39.347364750046026,4
per-agent,TIRZEPATIDE,INJECTION SITE RASH,1324,119914,27194,19869657,172.71705026388884,8.067433087164455,7.63224937230569,8.527430570080307,7.990251993716809,7725.187607336652,2.934794992823126,2.844078419673361,7.661190115608686,7.321028247068283,4
per-agent,TIRZEPATIDE,ABDOMINAL PAIN UPPER,2545,118693,193572,19703279,1187.7673661057256,2.1825220976738477,2.0979497408521195,2.2705037275582733,2.1576988678401325,1574.6033800274763,1.0990895793315394,1.0336665306021189,2.14254581975984,2.0735853820565526,4
per-agent,TIRZEPATIDE,BLOOD GLUCOSE INCREASED,2613,118625,180106,19716745,1106.623420547286,2.411405365698647,2.319078803124272,2.5074076093862794,2.380985841947261,2080.6521435646446,1.2391670986179917,1.174601172145393,2.3610752256268297,2.286063752034473,4
per-agent,TIRZEPATIDE,ILLNESS,2026,119212,89298,19807553,553.0967072830978,3.769715379651093,3.6059920655060496,3.940872244150019,3.723430853684209,3961.654263958918,1.872082908223189,1.7987547967939936,3.662421173030689,3.5305100331914003,4
per-agent,TIRZEPATIDE,ACCIDENTAL OVERDOSE,1894,119344,33085,19863766,211.8475945431155,9.52817744205323,9.093840466918811,9.983259074921108,9.394948849736886,13453.854712422695,3.157317468692296,3.081476207581853,8.93601418901041,8.603300861547615,4
per-agent,TIRZEPATIDE,ERUCTATION,2049,119189,15237,19881614,104.69131533984088,22.4314812314837,21.412950371113816,23.49845964791412,22.069275445811638,36342.084316889,4.284184485109527,4.211269232382228,19.551434376527496,18.8511472766234,4
per-agent,TIRZEPATIDE,INJECTION SITE PRURITUS,2291,118947,60980,19835871,383.1958933742377,6.26520738792514,6.006924412996805,6.534595895494022,6.165712261597285,9581.470223866076,2.5782570564728693,2.509301565192296,5.977124970406308,5.774501669575184,4
per-agent,TIRZEPATIDE,HUNGER,1325,119913,10694,19886157,72.79213924965565,20.547561735858647,19.40201571134956,21.760743809827314,20.33392806242282,21668.087278829837,4.176734385681845,4.086052070034843,18.175340991297382,17.368643017003933,4
per-agent,TIRZEPATIDE,INJECTION SITE MASS,1584,119654,33621,19863230,213.2163459758821,7.8210885048409615,7.434346543292291,8.227949160608626,7.731969547157165,8875.711442221274,2.890258498661808,2.8073242525722284,7.425532769775843,7.123638520032347,4
per-agent,TIRZEPATIDE,INJECTION SITE INJURY,1292,119946,3775,19893076,30.68789163640945,56.76252810895146,53.27394597017742,60.47955597513207,56.16828219334112,52129.3009473452,5.373034443364573,5.281200705951943,41.94870238377498,40.06364649409863,4
per-agent,TIRZEPATIDE,IMPAIRED GASTRIC EMPTYING,1237,120001,9710,19887141,66.29965457741746,21.1124171090198,19.89401233354372,22.405442839384907,20.90720867631836,20791.460981176093,4.211444072458293,4.117589815019916,18.62710394066212,17.771991894321047,4
per-agent,TIRZEPATIDE,INJECTION SITE SWELLING,1340,119898,70441,19826410,434.7360468823972,3.1456574641968005,2.979261797295736,3.321346546664293,3.121942284121052,1901.2677864465268,1.6229012665698053,1.5327282003530054,3.081730115202563,2.9457039383088155,4
per-agent,TIRZEPATIDE,DYSPEPSIA,1843,119395,91816,19805035,567.2384532809301,3.329633565541365,3.178473722702268,3.4879821725737727,3.2942196304608395,2898.0631374649115,1.699149051758554,1.6222652018699153,3.2485812022715086,3.125990499837586,4
per-agent,TIRZEPATIDE,INJECTION SITE REACTION,1672,119566,63838,19833013,396.7562228342575,4.344481945796364,4.137194034772543,4.5621557071563,4.298358009296492,4134.127808638817,2.0738644868554257,1.9931431728971685,4.213192730905174,4.046395501061442,4
per-agent,TIRZEPATIDE,INJECTION SITE DISCOMFORT,386,120852,9294,19887557,58.626167562747874,6.834586303324867,6.172025419308087,7.568272449343294,6.816010029276438,1834.4975345635064,2.7085997414462573,2.540479632307313,6.572867889956545,6.040647052104228,4
per-agent,TIRZEPATIDE,CHOLELITHIASIS,499,120739,30903,19865948,190.1837720873356,2.656816890072822,2.431481553910293,2.9030349730700227,2.649997645049428,503.6622295683218,1.3893026079659685,1.241469121716724,2.6226814265375595,2.435144553129831,4
per-agent,TIRZEPATIDE,INJECTION SITE IRRITATION,415,120823,11599,19885252,72.76185713831126,5.888559021622874,5.338418407501259,6.49539333642573,5.871825390302879,1615.7796198672122,2.5037142990337173,2.3415850246294307,5.695866493896846,5.250531698596267,4
per-agent,TIRZEPATIDE,INJECTION SITE HYPERSENSITIVITY,406,120832,2409,19894442,17.04882868689414,27.74846937805176,24.97505651377276,30.829862282796608,27.658894504105568,8905.896997673717,4.533808707484218,4.369889184047088,23.66132505585464,21.79162699600937,4
per-agent,TIRZEPATIDE,PRODUCT TAMPERING,465,120773,1254,19895597,10.41098988020285,61.08611950918876,54.911099983449326,67.9555499309903,60.855663335614686,19928.082922814392,5.4149272691238375,5.261776507170618,44.19006202606955,40.92020860277248,4
per-agent,TIRZEPATIDE,INCREASED APPETITE,759,120479,16568,19880283,104.93962865286493,7.559322924713415,7.027328839806887,8.131590876522592,7.518258851569207,4098.701027189144,2.8486327702779906,2.728794241711856,7.225751907966852,6.804464191970134,4
per-agent,TIRZEPATIDE,DEPRESSED MOOD,748,120490,49469,19847382,304.13535707629234,2.490695813323704,2.316681700653054,2.677780738182329,2.481498693044863,651.9049833103273,1.2969189203601912,1.17620161194637,2.458806730918236,2.3144243538682523,4
per-agent,TIRZEPATIDE,FEEDING DISORDER,708,120530,17746,19879105,111.76521654989143,6.58012966305538,6.102661361198997,7.094954777912578,6.54754308292833,3197.702574880604,2.6578568504642246,2.533772973268124,6.329068777601593,5.947324616052647,4
per-agent,TIRZEPATIDE,GLYCOSYLATED HAEMOGLOBIN INCREASED,656,120582,23435,19873416,145.90526887956187,4.613482973271972,4.268182152623972,4.986719025472095,4.593930977771663,1792.8341758562665,2.164827536392158,2.035914357753422,4.493179877464931,4.211903678701121,4
per-agent,TIRZEPATIDE,PANCREATITIS,1053,120185,49741,19847110,307.6299127254355,3.495915026967871,3.2880530725002277,3.716917460364055,3.474237017404886,1819.173644379306,1.7735796654972762,1.6718502755110207,3.4219704367914,3.251972175201248,4
per-agent,TIRZEPATIDE,INJECTION SITE URTICARIA,975,120263,21907,19874944,138.58305435648728,7.355218653916364,6.896459950985644,7.844494397330239,7.304109775614443,5078.683035894164,2.810195217764463,2.704472081345264,7.030368491297342,6.667697269553644,4
per-agent,TIRZEPATIDE,BLOOD GLUCOSE DECREASED,946,120292,45579,19851272,281.7750460595914,3.425136929232675,3.2107655669603665,3.653821102578884,3.406213988116406,1576.6038041041857,1.7455009099693055,1.638168315308378,3.356251596512698,3.180537279657696,4
per-agent,TIRZEPATIDE,INJURY ASSOCIATED WITH DEVICE,923,120315,17945,19878906,114.27257536920732,8.498278180267185,7.952359698170082,9.08167321025784,8.44119285421111,5756.691477402398,3.008334006524186,2.899671327355808,8.069929869187959,7.642315646854811,4
per-agent,TIRZEPATIDE,FLATULENCE,1107,120131,52764,19844087,326.2655240467759,3.4656598843851394,3.2645097083858867,3.679204385082092,3.443146435697316,1882.294911503708,1.760979016152589,1.661763483631198,3.392034368266025,3.227602495050552,4
per-agent,TIRZEPATIDE,PRODUCT ADMINISTERED AT INAPPROPRIATE SITE,1090,120148,16011,19880840,103.57087722009828,11.264871050185857,10.591728165239356,11.980794616101978,11.1725839005735,9450.682439479526,3.389351457787664,3.2893647190849675,10.513511931477874,9.999979922501112,4
per-agent,TIRZEPATIDE,GASTROOESOPHAGEAL REFLUX DISEASE,1071,120167,75429,19821422,463.3163035692368,2.342074521004246,2.2044022587705,2.488344874495224,2.330218817248035,803.6440681634496,1.208006411970325,1.1071360851624257,2.311222007323639,2.197353518610463,4
per-agent,TIRZEPATIDE,GASTROINTESTINAL DISORDER,1179,120059,81706,19815145,501.9865597560287,2.3815647214300237,2.247876671692729,2.5232036053334563,2.368129455205193,921.0876693802188,1.2310185050988285,1.134882059135955,2.348315090451917,2.2379415546872083,4
per-agent,TIRZEPATIDE,ILEUS,210,121028,11503,19885348,70.9388740353787,2.999545913824774,2.616564275885068,3.438583860547252,2.996082439980739,272.45261078629056,1.559038986191017,1.3309331005493832,2.956820910664785,2.636101626378356,4
per-agent,TIRZEPATIDE,FOOD CRAVING,378,120860,3855,19892996,25.63683546416444,16.139312205458804,14.519147914551615,17.940267569298037,16.092110337944792,4859.743030435444,3.856136918713634,3.686243779361076,14.68275547225416,13.481768563633793,4
per-agent,TIRZEPATIDE,OPTIC ISCHAEMIC NEUROPATHY,92,121146,2967,19893884,18.526595720500595,5.091910753595156,4.137485438243429,6.266500634159462,5.088805656271456,289.2265970349196,2.2814359110321965,1.936070140224394,4.940364211541301,4.149646737690959,4
per-agent,TIRZEPATIDE,ABDOMINAL DISTENSION,1227,120011,97830,19799021,599.9310206883384,2.0691652250695376,1.955323879229104,2.189634553189752,2.0583446429817407,661.6512164567761,1.0316526050984087,0.9374164489190652,2.0449969723313868,1.9507429368492408,3
per-agent,TIRZEPATIDE,HYPOGLYCAEMIA,588,120650,46030,19850821,282.33829333059714,2.1017811764233474,1.9372023194351768,2.2803421559269554,2.0964375767950387,332.6144516897816,1.0570649561554943,0.920892983221814,2.0820871695634584,1.9446157024424064,3
per-agent,TIRZEPATIDE,INTESTINAL OBSTRUCTION,450,120788,35072,19861779,215.13623183511672,2.109824524457129,1.92215458135874,2.315817659604753,2.1057051803900406,257.3220441148563,1.0629275017090891,0.9072411976405054,2.091009686197625,1.9338070141750745,3
per-agent,TIRZEPATIDE,DEHYDRATION,1492,119746,126803,19770048,777.0086949858201,1.942611713988424,1.8453666395654944,2.044981300959032,1.9310115830289,665.2710362237724,0.9408002171885032,0.8553460810013785,1.9200188407212695,1.8396276360577133,2
per-agent,TIRZEPATIDE,INAPPROPRIATE SCHEDULE OF PRODUCT ADMINISTRATION,1394,119844,162855,19733996,994.7613012410924,1.409484864992344,1.3366938718688284,1.4862397639819795,1.404776589519313,162.13406037396658,0.4866006809707109,0.3981923101832043,1.4012711918545502,1.3406082619745392,2
per-agent,TIRZEPATIDE,WEIGHT DECREASED,1933,119305,266228,19630623,1624.096252044838,1.1946854156853248,1.141999607327753,1.249801867962982,1.1915813814013565,59.720426085583256,0.2511335432315564,0.1760615475567597,1.1901722945146684,1.146301394696014,2
per-agent,TIRZEPATIDE,WEIGHT INCREASED,2115,119123,210283,19686568,1286.3719770653431,1.6621897373404368,1.5918967359838272,1.7355866498541146,1.6506378204952643,542.1248013581918,0.7171301498045516,0.6453619874049215,1.6440833263856225,1.5861089681820724,2
per-agent,TIRZEPATIDE,ABDOMINAL PAIN,1887,119351,220602,19676249,1347.4873341806003,1.4101934799563771,1.347240351796573,1.4760882482918336,1.403809053483838,219.36405391274675,0.4856697035564342,0.4096878496745165,1.4003326081901448,1.3480990670017852,2
per-agent,TIRZEPATIDE,DECREASED APPETITE,2441,118797,218706,19678145,1339.359615495765,1.8487822575828423,1.7757623076157876,1.924804812724207,1.8316929168583191,920.9816023482616,0.865685928514648,0.7988833281238337,1.8224249843251816,1.7625478826529912,2
per-agent,TIRZEPATIDE,ABDOMINAL DISCOMFORT,1657,119581,158029,19738822,967.125846428198,1.7307915502353368,1.6484649189483764,1.8172296880160983,1.7208035794774892,498.3604475020487,0.7764876593057221,0.6954016473711784,1.713215364228815,1.6450890484702858,2
per-agent,TIRZEPATIDE,ALOPECIA,1581,119657,187922,19708929,1147.7101892193605,1.3857317220041303,1.318378605674221,1.456525763618951,1.3807016006520088,165.76428186962792,0.4619067925981974,0.3788938632023125,1.3774671286610525,1.321412260766031,2
per-agent,TIRZEPATIDE,DIARRHOEA,6835,114403,605179,19291672,3706.615218465659,1.9045269641025988,1.8583600666330324,1.951840777318061,1.8535327065295504,2739.347750924367,0.8827499159510209,0.8428320513712696,1.8439680305303467,1.8075688992937888,2
per-agent,TIRZEPATIDE,OFF LABEL USE,7796,113442,809412,19087439,4949.356729505998,1.6206005398077452,1.583663496300428,1.6583990953637069,1.580693894957606,1716.7398436646934,0.655439847635545,0.6180634142518125,1.5751361186772834,1.5460083460585816,2
per-agent,TIRZEPATIDE,MATERNAL EXPOSURE DURING PREGNANCY,578,120660,82666,19814185,504.16081535055616,1.1481901247186477,1.0577897523998578,1.2463162547287316,1.147483630945347,10.778320344389956,0.1970028871487409,0.0596565743011865,1.1463790483841363,1.0700543873324762,2
per-agent,TIRZEPATIDE,PRODUCT STORAGE ERROR,857,120381,80369,19816482,491.93895521195856,1.755338457255956,1.6406873488166058,1.87800137652316,1.749999165467339,272.91874486730995,0.8001917781305582,0.6874191462444218,1.7418657621012723,1.6461569019224678,2
per-agent,TIRZEPATIDE,UNDERDOSE,514,120724,69609,19827242,424.694498760596,1.2127364054033656,1.1117379603383373,1.3229102913271813,1.2118344892353543,18.748449998730244,0.2750481459655348,0.1293907535273497,1.2101690715314497,1.1248699406308107,2
per-agent,TIRZEPATIDE,VISUAL IMPAIRMENT,894,120344,115906,19780945,707.3901210050569,1.2678100596808752,1.1867790384297634,1.354373725335351,1.265835248207949,49.551812026315766,0.3375560403070201,0.2271436224887255,1.263724207102115,1.195707515375296,2
per-agent,TIRZEPATIDE,HEADACHE,2414,118824,598426,19298425,3638.9407560332056,0.6551556790684367,0.6292291578871076,0.6821504668616041,0.6620219601909296,427.34020359387625,-0.5919923164510232,-0.659167572894774,0.6633837849076896,0.6414678940813429,0
per-agent,TIRZEPATIDE,FATIGUE,3226,118012,740553,19156298,4504.639698724489,0.7071208309649955,0.6827630067998499,0.7323476295651224,0.7149139997677382,378.9471390093664,-0.4816018174117811,-0.5397089807508814,0.7161523450648608,0.6956493798422311,0
per-agent,TIRZEPATIDE,DRUG INEFFECTIVE,3896,117342,1258659,18638192,7646.566217684415,0.4916557897279404,0.4761865053338467,0.5076276057078413,0.5079915016600074,1974.8898114907336,-0.972727550418236,-1.0256017911965118,0.5095139020902466,0.496226499404653,0
per-agent,TIRZEPATIDE,DIZZINESS,2085,119153,475440,19421411,2892.0930439464028,0.7148026265912665,0.6844480605486319,0.7465033863522353,0.7197073307562742,231.85713923398333,-0.4719700539789654,-0.5442528649705746,0.7209338410981898,0.6953323445020887,0
per-agent,TIRZEPATIDE,MALAISE,1244,119994,422916,19473935,2568.8920695676798,0.4773758555545302,0.4514041730406344,0.5048418270734634,0.4827384022452557,701.8214521656018,-1.045860820940744,-1.139450495162585,0.4842689581403844,0.4620991558780414,0
per-agent,TIRZEPATIDE,PAIN,1305,119933,592155,19304696,3594.2443596888797,0.3547311939999136,0.3358780960601962,0.3746425309438824,0.3616768363878622,1511.1066796500354,-1.4612867193774357,-1.5526616521236176,0.3630939747392103,0.3468575522124257,0
per-agent,TIRZEPATIDE,ARTHRALGIA,853,120385,394849,19502002,2396.538404639924,0.3499651575641967,0.3271482683081788,0.3743734061082026,0.3545386388208797,1019.7133963013132,-1.4897899652395474,-1.6028269216277669,0.3559506072241465,0.3363477112079239,0
per-agent,TIRZEPATIDE,RASH,881,120357,411630,19485221,2498.340806557509,0.346499706599389,0.3242564765644615,0.3702687697884566,0.3512484962403097,1074.8901298560068,-1.503226520041602,-1.614451227175791,0.352653917980552,0.3335367971763382,0
per-agent,TIRZEPATIDE,ASTHENIA,1116,120122,360247,19536604,2188.5669203488906,0.5038373288762452,0.4749542209798542,0.5344768879944687,0.508404523493231,538.0636588500042,-0.9713328075977375,-1.070147211874236,0.5099372375878012,0.4853154915617138,0
per-agent,TIRZEPATIDE,WRONG TECHNIQUE IN PRODUCT USAGE PROCESS,1123,120115,192501,19704350,1172.668705389411,0.9569993301884592,0.9022311703376756,1.0150920829285777,0.957397635605889,2.0944095982421977,-0.0624103679003287,-0.160916125177889,0.9576283821310848,0.9115318763065382,0
per-agent,TIRZEPATIDE,FEELING ABNORMAL,1137,120101,231763,19665088,1410.5407464218988,0.8032775538090619,0.7576001003261253,0.8517090060781491,0.8051224656462671,53.80095311016584,-0.3108931037238013,-0.4087901453431395,0.8060724798048233,0.7675062388731749,0
per-agent,TIRZEPATIDE,ANXIETY,1086,120152,274149,19622702,1666.9393831748876,0.646950366740777,0.6093584501056672,0.6868613653481741,0.6501128397419773,206.17921722219745,-0.6179461412039843,-0.7181169685617425,0.6515027934252994,0.6196227852893342,0
per-agent,TIRZEPATIDE,BACK PAIN,587,120651,223123,19673728,1354.8822257709014,0.4289923004377287,0.3955342044752046,0.4652806046926626,0.4317569577204541,442.2225948727286,-1.2060390006655353,-1.3423270540222505,0.4332778995283881,0.4046466863146208,0
per-agent,TIRZEPATIDE,MYALGIA,596,120642,162657,19734194,988.729104661289,0.599369123746783,0.552938644756143,0.6496983886149249,0.6013386052810125,157.83266674728472,-0.7297825487673245,-0.865036433337172,0.6028155058232767,0.5632749148983911,0
per-agent,TIRZEPATIDE,NASOPHARYNGITIS,634,120604,176060,19720791,1070.133476377291,0.5888316951709603,0.5445466476156211,0.6367182072575127,0.5909818519309004,180.0085868214909,-0.7547725992239606,-0.8859058288253833,0.5924703993743777,0.5547600236075687,0
per-agent,TIRZEPATIDE,VISION BLURRED,626,120612,129740,19767111,789.5515455046683,0.7907753473318142,0.7309053864007143,0.8555493796907395,0.7918556574043185,34.09927715778579,-0.3346322728793446,-0.4666016980088392,0.7928546459218356,0.7420769707831303,0
per-agent,TIRZEPATIDE,DYSPNOEA,657,120581,542012,19354839,3286.6326162302507,0.1945660891866504,0.1801967803011843,0.210081240064969,0.1989308104737417,2174.9429849251064,-2.3217668622302057,-2.450581790032974,0.1999210569919615,0.1874151423137472,0
per-agent,TIRZEPATIDE,INSOMNIA,767,120471,256412,19640439,1557.58462268801,0.4876696107809296,0.4541987640981949,0.5236069934083041,0.4909108174036966,408.4599795445771,-1.0215349355813712,-1.1407462716817696,0.4924507888063697,0.4638856681117849,0
per-agent,TIRZEPATIDE,COUGH,736,120502,266553,19630298,1618.8150518263756,0.4498076910932984,0.4183224567287088,0.4836626762734317,0.4531477456913232,490.37275740798873,-1.1366262714426876,-1.2583246508961492,0.4546770646149585,0.4277666846064863,0
per-agent,TIRZEPATIDE,DEPRESSION,707,120531,220596,19676255,1340.30441736971,0.5231972626204988,0.485855037744776,0.5634095652979085,0.5259777401549955,303.9497221895242,-0.922296754155749,-1.0464684421764194,0.5275143335392334,0.4956748383083678,0
per-agent,TIRZEPATIDE,PRURITUS,821,120417,353290,19543561,2144.6457460549805,0.3771618070062731,0.3521145080333424,0.4039908195170622,0.3813795453098401,836.0828373214699,-1.384743190731741,-1.499963871818587,0.3828353680667744,0.3613542629334671,0
per-agent,TIRZEPATIDE,HYPERSENSITIVITY,749,120489,177052,19719799,1076.8379358289394,0.6923665291039902,0.6442740495463494,0.7440489198052364,0.6942670674640845,101.00787717119742,-0.5234704774337102,-0.6441070968532732,0.6955648978878783,0.6547475931465829,0
per-agent,TIRZEPATIDE,PALPITATIONS,527,120711,111441,19785410,678.125488601834,0.7751108590426423,0.7114026741054496,0.8445242978054484,0.7760884120976623,33.85019019441962,-0.3634445236574319,-0.5072917179374044,0.7771443778172593,0.7230274074051072,0
per-agent,TIRZEPATIDE,PAIN IN EXTREMITY,522,120716,284581,19612270,1726.7041581241847,0.2980077983712867,0.2734360831479711,0.3247875952130366,0.301030282487242,857.1372833609137,-1.7249356793593016,-1.8694710862535104,0.302342140063693,0.281190656471868,0
per-agent,TIRZEPATIDE,FALL,469,120769,318556,19578295,1932.150114329095,0.2386747361257638,0.217969290152788,0.2613470440022641,0.2416198651179693,1132.0231976661107,-2.041383413661497,-2.1938786913502426,0.2427669640637177,0.2248777942269436,0
per-agent,TIRZEPATIDE,MUSCLE SPASMS,486,120752,175797,19721054,1067.6442868247814,0.4515029574457853,0.4129688331126553,0.4936327011551507,0.453701686909166,321.0857632954627,-1.1345948318750811,-1.2843953122678071,0.4552434238577161,0.4222713440263575,0
per-agent,TIRZEPATIDE,COVID-19,562,120676,171431,19725420,1041.6622352912907,0.535861196958808,0.4931774223723006,0.5822391889411319,0.5380127171695435,223.67839670515968,-0.889654880618726,-1.0289450130515057,0.5395495952180459,0.5031333370673173,0
per-agent,TIRZEPATIDE,URTICARIA,560,120678,157639,19739212,958.1199465143752,0.5810668014004022,0.5346973277326,0.6314574810415851,0.5830018596429974,167.34027899529224,-0.7742445861604563,-0.9137835436844178,0.5845023114172809,0.544983601439434,0
per-agent,TIRZEPATIDE,TREMOR,433,120805,159707,19737144,969.8754621382692,0.4429588108039701,0.4030207874523978,0.486854559808637,0.4449482764411621,300.84882838259983,-1.162511076076629,-1.3212290592516087,0.4464893318298371,0.4122902730633107,0
per-agent,TIRZEPATIDE,OVERDOSE,419,120819,209723,19687128,1272.7086884267524,0.3255480434830364,0.2957443620913387,0.358355195230742,0.3278789576335553,581.5712758156839,-1.6017261913506926,-1.7630784090807836,0.329260255191965,0.3036360360889221,0
per-agent,TIRZEPATIDE,HEART RATE INCREASED,445,120793,94437,19802414,574.645457715769,0.7724923673696091,0.7036766446371586,0.8480378909719342,0.7733274264807833,29.339987881384843,-0.3685014366344437,-0.5250613241929483,0.7743935542761989,0.7158584970484471,0
per-agent,TIRZEPATIDE,DRUG HYPERSENSITIVITY,433,120805,187521,19709330,1138.3287911248672,0.3767254301669669,0.3427656079066489,0.414049853488038,0.3789514474943536,443.23573238412126,-1.3934469733668315,-1.5521649565418114,0.3804230964278987,0.3512844117978255,0
per-agent,TIRZEPATIDE,INFLUENZA,378,120860,105232,19791619,639.6187558163019,0.5882239556693325,0.5316349815808898,0.6508364460788042,0.5895078051617111,107.81780804577178,-0.7580462807355619,-0.9279394200881192,0.5910124039755245,0.5426701046470263,0
per-agent,TIRZEPATIDE,URINARY TRACT INFECTION,377,120861,162537,19734314,986.6759775121392,0.3787258609277271,0.3422674291668128,0.4190678560463963,0.3806577663569675,381.503167198154,-1.3868306431353254,-1.5569493781128751,0.3821379979319184,0.3508407206141631,0
per-agent,TIRZEPATIDE,ACUTE KIDNEY INJURY,397,120841,144507,19752344,877.5998124496299,0.4490616333414736,0.406869833750539,0.4956286601059543,0.4508657090567066,266.1705238460131,-1.1434300779305036,-1.3092004947754314,0.4524139318287392,0.4162749911514005,0
per-agent,TIRZEPATIDE,BLOOD PRESSURE INCREASED,385,120853,146863,19749988,891.7960662478821,0.4284081602459781,0.3875694056444952,0.4735501540947043,0.4302232912965176,291.3319994136385,-1.2107916195543311,-1.3791303257483043,0.4317587277284047,0.3967543472063117,0
per-agent,TIRZEPATIDE,DRY MOUTH,373,120865,77034,19819817,468.80947856711,0.7940090755076655,0.7170943984617092,0.8791735276986715,0.7946428257743776,19.57026378185761,-0.3294313555227072,-0.500461544101155,0.7956309702870323,0.7301319068779754,0
per-agent,TIRZEPATIDE,HYPOTENSION,374,120864,191882,19704969,1164.3835197255842,0.3177723886521335,0.2870711128323344,0.3517570611455431,0.3198769526225397,544.3265221651708,-1.6371480787947592,-1.807949031166096,0.3212457965718238,0.2948339117842595,0
per-agent,TIRZEPATIDE,SOMNOLENCE,365,120873,192594,19704257,1168.641184580606,0.308944788359923,0.2787509535366279,0.3424091686280667,0.3110252841801165,560.7218067035043,-1.677505847830969,-1.85040377485532,0.3123750284588867,0.2863886699944709,0
per-agent,TIRZEPATIDE,DEEP VEIN THROMBOSIS,112,121126,63184,19833667,383.3473039309597,0.2902528869324329,0.2411212337355901,0.3493957668821293,0.2909085532801421,193.1391329503361,-1.7706075134815404,-2.083410602166434,0.2923115993619687,0.2496295206018014,0
per-agent,TIRZEPATIDE,PULMONARY EMBOLISM,164,121074,92051,19804800,558.492979524669,0.2914304369834641,0.2500124239072558,0.3397099163035152,0.2923889269646145,280.9329971268395,-1.7647425802017829,-2.0229853087839915,0.2937486920005859,0.2579115253808232,0
per-agent,TIRZEPATIDE,VENOUS THROMBOSIS,4,121234,3791,19893060,22.984122510395476,0.1731343994651118,0.0649446282542761,0.4615550367119272,0.1731616802054914,14.958579624980556,-2.383688781417934,-4.148836820379908,0.1774986743527902,0.0743352298833481,0
per-agent,TIRZEPATIDE,PORTAL VEIN THROMBOSIS,11,121227,3072,19893779,18.671949854953688,0.5876103071140987,0.3250625844000305,1.0622135231713026,0.5876477234903317,2.7719792542398256,-0.7373632104748551,-1.7617642797597493,0.5905283588843949,0.3520271770281843,0
per-agent,TIRZEPATIDE,THYROID CANCER,71,121167,11655,19885196,71.01760752487412,0.9997504116595948,0.7916510307660095,1.2625523706403847,0.9997505578247592,0.0,-0.0003552330288024,-0.3939294557577597,0.9994229821584504,0.8191008490084676,0
per-agent,DULAGLUTIDE,NAUSEA,10051,75622,743713,19188703,3225.9434540429907,3.4292674865890875,3.3582138409080664,3.5018244970955004,3.144270258667724,15066.889912176825,1.6393941665026144,1.606476830040087,3.1155798132373325,3.064794310323748,4
per-agent,DULAGLUTIDE,INJECTION SITE PAIN,9799,75874,276892,19655524,1226.974165366135,9.167754932373432,8.973905119859568,9.365792191635366,8.23355360193879,61011.02068898084,2.997015479985732,2.9636775339058614,7.985402433106287,7.853584259558649,4
per-agent,DULAGLUTIDE,BLOOD GLUCOSE INCREASED,9766,75907,172953,19759463,781.9969671930222,14.698801684625742,14.38477180270428,15.019687064019964,13.13725373775736,104599.91985348793,3.6416845736727215,3.608290345364648,12.486162789255928,12.27970315388544,4
per-agent,DULAGLUTIDE,DIARRHOEA,5846,79827,606168,19326248,2619.2847589997227,2.3348745158786137,2.27340496406926,2.3980061146436844,2.243787750855487,4116.722041292386,1.1581249304152574,1.1149619942042217,2.231842030469855,2.1842364061095667,4
per-agent,DULAGLUTIDE,VOMITING,5474,80199,441975,19490441,1914.982902563776,3.009953603412812,2.928183694094209,3.094006948051219,2.881529408799786,6792.872663846377,1.515019057278583,1.4704134161254578,2.8583684220791663,2.7953792617961173,4
per-agent,DULAGLUTIDE,INCORRECT DOSE ADMINISTERED,5445,80228,205649,19726767,903.4357006805196,6.51030344115093,6.331872593415036,6.693762432923844,6.160092730226054,23167.79765067296,2.590772463026332,2.5460481795917747,6.026112409372926,5.892966422541213,4
per-agent,DULAGLUTIDE,INAPPROPRIATE SCHEDULE OF PRODUCT ADMINISTRATION,3809,81864,160440,19771976,702.9494462233632,5.733970217322085,5.548627196211023,5.925504325752554,5.523499093890201,13892.931195476083,2.437083002999569,2.383608219103414,5.417609048654161,5.274740049913315,4
per-agent,DULAGLUTIDE,WEIGHT DECREASED,3375,82298,264786,19667630,1147.6698576472509,3.046081412433931,2.942384301387685,3.1534330735789746,2.965478132906372,4398.220306760944,1.5557651320938428,1.4989553853839968,2.940491220708948,2.858166320705844,4
per-agent,DULAGLUTIDE,DECREASED APPETITE,3205,82468,217942,19714474,946.460320513112,3.515497826809961,3.392754024422999,3.6426822815153503,3.4213938438173503,5470.763058201806,1.75917352838596,1.70087626705215,3.3859209220536037,3.288672474830729,4
per-agent,DULAGLUTIDE,INJECTION SITE HAEMORRHAGE,3132,82541,72549,19859867,323.8979661345296,10.38716265499109,10.015690849895428,10.772411972197409,10.043990436959366,24534.124656833694,3.2714778300606517,3.212504939256988,9.665407653520097,9.384624606287396,4
per-agent,DULAGLUTIDE,EXTRA DOSE ADMINISTERED,3106,82567,33760,19898656,157.7783382819409,22.1725811185252,21.35904668753215,23.017101870213796,21.4049876298632,55410.08167477286,4.294754325098176,4.235535064434337,19.666572851231702,19.092894734860533,4
per-agent,DULAGLUTIDE,ABDOMINAL DISTENSION,1129,84544,97928,19834488,423.9420836324586,2.7047383549059294,2.5496343661319267,2.869277911247255,2.682273288867752,1181.7998422099956,1.4120446583811204,1.313801166335132,2.662530980311025,2.534707408662525,4
per-agent,DULAGLUTIDE,GLYCOSYLATED HAEMOGLOBIN INCREASED,2905,82768,21186,19911230,103.10415959285623,32.98623865435941,31.71266274672388,34.31096118457483,31.90164930542901,76534.70577605703,4.809632622746097,4.7483984182274055,28.132378920577025,27.284175908357312,4
per-agent,DULAGLUTIDE,ABDOMINAL PAIN UPPER,2401,83272,193716,19738700,839.3374482948897,2.937962296888061,2.820453352696671,3.060367032726484,2.8836505828728143,2945.086674504823,1.5157537841814102,1.44839686228447,2.860263604447957,2.765520491491218,4
per-agent,DULAGLUTIDE,ACCIDENTAL UNDERDOSE,2355,83318,11669,19920747,60.01962285211141,48.25297060417965,46.13908566486809,50.46370422335247,46.95406959951257,88154.08979098548,5.282486524825445,5.214474749193766,39.13310186296172,37.82443258408338,4
per-agent,DULAGLUTIDE,ABDOMINAL PAIN,2122,83551,220367,19712049,952.2037841374369,2.271846257387653,2.175597643291547,2.3723529178849345,2.240344410152508,1458.262825275022,1.1556649293731005,1.0840152780032275,2.2283364548147957,2.149889742243618,4
per-agent,DULAGLUTIDE,CONSTIPATION,2182,83491,202938,19729478,877.8683000160505,2.540781405339487,2.4345043635487778,2.651697916987345,2.5015393451052157,1964.3378599799285,1.3130837597847596,1.2424264014218702,2.4853250661002364,2.399025566211275,4
per-agent,DULAGLUTIDE,ACCIDENTAL OVERDOSE,1858,83815,33121,19899295,149.70239501882523,13.318588778772286,12.704317878666616,13.96256050518916,13.05143415653472,19600.459909290817,3.629158965879095,3.552586213419734,12.398972020473638,11.93295289803006,4
per-agent,DULAGLUTIDE,INJECTION SITE BRUISING,1919,83754,72712,19859704,319.404198023098,6.258007768445138,5.977651273585868,6.551513201007931,6.14023300968046,8070.364914818563,2.5850187303667904,2.509673288593776,6.005583185878844,5.783423741347414,4
per-agent,DULAGLUTIDE,ABDOMINAL DISCOMFORT,1748,83925,157938,19774478,683.4208139448276,2.6077651202013703,2.486484877232284,2.734960901796621,2.5749616298355376,1677.2610598690942,1.3542165949674063,1.2752703224333766,2.5573939126104195,2.458342094642917,4
per-agent,DULAGLUTIDE,BLOOD GLUCOSE DECREASED,1822,83851,44703,19887713,199.116725127958,9.66692392556386,9.220021150074633,10.13548848332984,9.482605232482287,13306.76210963136,3.190614305756959,3.1132884795191376,9.143841459629428,8.796840832497944,4
per-agent,DULAGLUTIDE,ILLNESS,1373,84300,89951,19842465,390.8465514365532,3.59279625787563,3.404864932537372,3.791100441974273,3.551243968798987,2487.474278846715,1.8113382734623096,1.7222560190246816,3.511912971379481,3.3587456222783465,4
per-agent,DULAGLUTIDE,INJECTION SITE MASS,1404,84269,33801,19898615,150.66962510757145,9.808273507402015,9.294430362539318,10.350524501613563,9.6639244592259,10480.59557265487,3.215816435010824,3.1277236314657544,9.309537276926276,8.907942545589203,4
per-agent,DULAGLUTIDE,IMPAIRED GASTRIC EMPTYING,1451,84222,9496,19922920,46.85074239603991,36.14549255500922,34.18863904055101,38.21435040144759,35.55025123397087,42257.22345484363,4.938013716347882,4.851360094882104,30.866429507616576,29.55628001744306,4
per-agent,DULAGLUTIDE,DYSPEPSIA,1460,84213,92199,19840217,400.8398357605464,3.730730898695132,3.54119028746388,3.930416585561856,3.6841950342793313,2821.25051068234,1.8635660923466988,1.77718009729544,3.641349062813195,3.487258076892654,4
per-agent,DULAGLUTIDE,PANCREATITIS,1503,84170,49291,19883125,217.38710233529284,7.203087113995718,6.839698346153817,7.585782493022879,7.094263564775595,7649.179379722751,2.7866721630761915,2.7015314560319474,6.909607897177804,6.62135536204823,4
per-agent,DULAGLUTIDE,INJECTION SITE ERYTHEMA,1625,84048,116230,19816186,504.3933721645458,3.2963082245141107,3.137343002238304,3.463328014580295,3.252753068690976,2512.9073041959296,1.6868329119463044,1.6049520609670498,3.221031545085973,3.091716273651814,4
per-agent,DULAGLUTIDE,VISUAL IMPAIRMENT,1357,84316,115443,19816973,499.8782051573455,2.7627371396334346,2.617651765554836,2.9158639828060187,2.734816624436318,1482.921359011545,1.4398613411354662,1.3502551804376817,2.7141619903829683,2.595104108062955,4
per-agent,DULAGLUTIDE,ERUCTATION,1090,84583,16196,19916220,73.98026245162562,15.846835880015114,14.89860025678622,16.855422863886147,15.657942633493846,14011.954763419231,3.871987803116192,3.772001064413496,14.70360239957088,13.985440332601954,4
per-agent,DULAGLUTIDE,INJECTION SITE PRURITUS,1246,84427,62025,19870391,270.78590683656165,4.727987557271764,4.468320802599493,5.0027442811876925,4.673768929508517,3534.8089935046714,2.199996875416259,2.106482386338875,4.599353208148733,4.388969929298207,4
per-agent,DULAGLUTIDE,DIABETES MELLITUS INADEQUATE CONTROL,476,85197,16499,19915917,72.64925113481112,6.744120717618652,6.1552159449229285,7.3893693837548415,6.712206328469369,2245.3720506597524,2.70356121416838,2.5521930597373568,6.539923812918279,6.06150697823275,4
per-agent,DULAGLUTIDE,INJECTION SITE URTICARIA,468,85205,22414,19910002,97.92990659597926,4.879021235517485,4.451119508158077,5.348058656479722,4.857831573217552,1402.2895047377287,2.2508804172239145,2.0982220577813235,4.772918952449585,4.420884117300008,4
per-agent,DULAGLUTIDE,DIABETIC KETOACIDOSIS,436,85237,22613,19909803,98.64462971465458,4.503675732707391,4.095495892619194,4.952537040003183,4.485845113732213,1156.582230764395,2.1383751194434097,1.980205016977101,4.4145385562377975,4.0775735624948855,4
per-agent,DULAGLUTIDE,HYPOGLYCAEMIA,543,85130,46075,19886341,199.51474458925625,2.753003315920581,2.5289879265031643,2.996861779387475,2.7418926882952515,593.5415678460496,1.4421736794439683,1.3004644356096091,2.720347575926524,2.5336644249429923,4
per-agent,DULAGLUTIDE,INJURY ASSOCIATED WITH DEVICE,506,85167,18362,19914054,80.75087307284926,6.443455962563205,5.897237072720095,7.040267201321979,6.411305941937607,2245.897711237912,2.6401070484717506,2.493301129380619,6.255874542659313,5.811602992433448,4
per-agent,DULAGLUTIDE,INJECTION SITE RASH,519,85154,27999,19904417,122.05074190648268,4.332806016479188,3.97143183157638,4.727062876208706,4.312616151264328,1295.1396834839047,2.083744531007448,1.9387914247304732,4.248215807574275,3.95021297346857,4
per-agent,DULAGLUTIDE,GASTROINTESTINAL DISORDER,767,84906,82118,19850298,354.72949515810427,2.183663173788004,2.033144805097623,2.345324762211879,2.173066256972958,482.0341127862173,1.1114153750119056,0.992204038911507,2.16176385375659,2.0363770711572142,4
per-agent,DULAGLUTIDE,GASTROOESOPHAGEAL REFLUX DISEASE,701,84972,75799,19856617,327.4031052614463,2.161145269060198,2.005641508114294,2.3287057308524344,2.151644459778263,428.633393566617,1.097173539643702,0.9724710429310396,2.140617715792363,2.01088685664867,4
per-agent,DULAGLUTIDE,PRODUCT DOSE OMISSION,728,84945,64630,19867786,279.7178059304262,2.634564746580341,2.4482105370418985,2.83510396630776,2.620675153178563,722.264831087103,1.3783803401779389,1.256014466886059,2.601797012190849,2.446995801907148,4
per-agent,DULAGLUTIDE,INJECTION SITE SWELLING,806,84867,70975,19861441,307.2068274349265,2.6576730025734943,2.4786036682196717,2.849679389719204,2.642077839102223,814.6325857668312,1.390118078668725,1.2738292514221052,2.622876197837041,2.47438328573504,4
per-agent,DULAGLUTIDE,FLATULENCE,829,84844,53042,19879374,230.5559827913644,3.661982026829808,3.418050670344445,3.923321699462455,3.636223817122644,1561.6281853687503,1.8439995351231997,1.7293366305171929,3.593945284016612,3.393252820062121,4
per-agent,DULAGLUTIDE,BLOOD GLUCOSE ABNORMAL,1004,84669,16802,19915614,76.20574761157272,14.055360924594703,13.183535541403296,14.984839999877265,13.902365437471657,11342.180539859,3.710999069989419,3.6068150957986047,13.149038738629326,12.480425914791496,4
per-agent,DULAGLUTIDE,UNDERDOSE,1072,84601,69051,19863365,300.1109535980183,3.64503866492128,3.430356768260856,3.873155991149888,3.611942106509696,1998.2589104606795,1.835008163784953,1.7341849268797596,3.570710726817082,3.394879248554782,4
per-agent,DULAGLUTIDE,INJECTION SITE DISCOMFORT,381,85292,9299,19923117,41.42826220824576,9.570568039621556,8.636710336612719,10.605400555432896,9.532453506185163,2788.426493951723,3.1856881155978503,3.0164664160270216,9.16496023520699,8.418264224693166,4
per-agent,DULAGLUTIDE,HYPOACUSIS,443,85230,40566,19891850,175.50946331590393,2.548732325428115,2.320366593455379,2.7995733454378957,2.5407241032325025,408.7374947326679,1.3332811057098248,1.1763676440167234,2.522838260416864,2.331747303735104,4
per-agent,DULAGLUTIDE,ILEUS,206,85467,11507,19920909,50.12905322780811,4.172686905119201,3.635039011019632,4.789856712781016,4.165058206434031,483.9126602463759,2.0281043706828843,1.7977870159676903,4.099866752388909,3.651178272316044,4
per-agent,DULAGLUTIDE,GASTROINTESTINAL HYPOMOTILITY,495,85178,1565,19930851,8.816345056713455,74.00980517626047,66.88013510439602,81.89952448029673,73.5879703676014,26873.594779517724,5.732977172430507,5.584546729233296,55.13836000395564,51.18063962940736,4
per-agent,DULAGLUTIDE,PRODUCT ADMINISTERED AT INAPPROPRIATE SITE,494,85179,16607,19915809,73.18850330818292,6.955064768471699,6.358108156737305,7.608069057834194,6.920727205930116,2426.2386256197974,2.746459064584968,2.5978782487886587,6.737234057035503,6.253174399744707,4
per-agent,DULAGLUTIDE,FEEDING DISORDER,469,85204,17985,19914431,78.97904450319908,6.09495241086636,5.559662925186991,6.681780063037943,6.06706109527456,1931.1366125212155,2.5624787241494174,2.4099834464606715,5.928423868699762,5.491614863038664,4
per-agent,DULAGLUTIDE,DEHYDRATION,1150,84523,127145,19805271,549.0742665296373,2.119358570067209,1.9990332142834668,2.2469265224926858,2.104333272066937,663.6552102604586,1.065874626002329,0.9685328320291268,2.094165730514709,1.9945326362419955,3
per-agent,DULAGLUTIDE,PRODUCT DOSE OMISSION ISSUE,2223,83450,252230,19680186,1089.0026450077228,2.0784787106083837,1.99238589058328,2.168291680276639,2.0504948863734147,1200.1361840717807,1.0291627057712665,0.9591601763571952,2.041189915997115,1.9709599052311733,3
per-agent,DULAGLUTIDE,DRUG DOSE OMISSION,1353,84320,164123,19768293,708.2007352450076,1.9327110128741205,1.8312400361808003,2.039804605340177,1.9179810746156412,593.5899106201058,0.9334464366717742,0.8437078487151872,1.9103097634416255,1.8263916460786611,2
per-agent,DULAGLUTIDE,MALAISE,2051,83622,422109,19510307,1815.3111258522229,1.1336646406459616,1.0849601917105045,1.1845554585968263,1.1304647272780994,31.264121936216984,0.1760650077511021,0.1031853271040277,1.1298400830831947,1.0893923232440308,2
per-agent,DULAGLUTIDE,FEELING ABNORMAL,1309,84364,231591,19700825,996.7605649070698,1.3199127339726,1.249595684414626,1.3941866533567169,1.3150247789719565,99.0689879337136,0.3929736523744374,0.3017385126609696,1.3132352289522733,1.254602000036649,2
per-agent,DULAGLUTIDE,ACUTE KIDNEY INJURY,721,84952,144183,19788233,620.1571184941779,1.1648087240913,1.0822808781058442,1.253629617935939,1.16342173997647,16.42438879913191,0.217202921864715,0.0942438923406363,1.1626181370676116,1.0931181932280511,2
per-agent,DULAGLUTIDE,INAPPROPRIATE SCHEDULE OF DRUG ADMINISTRATION,482,85191,70740,19861676,304.8144308879833,1.5885619636445194,1.4520808166990635,1.7378709802631596,1.5852506886048146,103.22317957825362,0.6602331612916399,0.5098114763359213,1.5810834169170032,1.4661222421758844,2
per-agent,DULAGLUTIDE,CATARACT,406,85267,56169,19876247,242.1285056230892,1.6849334159232878,1.527863711036444,1.85815043291332,1.6816875512183649,111.0192918751534,0.7445062944009978,0.5805867709638678,1.6764707297420234,1.5440143830118012,2
per-agent,DULAGLUTIDE,THYROID CANCER,87,85586,11639,19920777,50.18469035680678,1.739831256924623,1.408835302959561,2.148592384229032,1.7390799663272067,26.407385094723768,0.7877329794157695,0.4325046087367414,1.731855035842306,1.447543230489181,2
per-agent,DULAGLUTIDE,WEIGHT INCREASED,1287,84386,211111,19721305,909.0165326970022,1.424731191644201,1.3481952373026946,1.5056120302761191,1.4183507795698471,159.11802476549252,0.5014006645420861,0.4093886145071317,1.4157764567034212,1.3520368811399597,2
per-agent,DULAGLUTIDE,MEMORY IMPAIRMENT,659,85014,131969,19800447,567.6185496028118,1.163049055024028,1.077030821010569,1.2559372285401018,1.16179487544282,14.711045700832733,0.2151806503836987,0.086561552198417,1.1610018485312827,1.0884894538115988,2
per-agent,DULAGLUTIDE,COVID-19,843,84830,171150,19761266,736.0920559899599,1.14740296616329,1.0719654813754205,1.228149217147454,1.1459525593784727,15.58210671415666,0.1955222303923372,0.0818162445386283,1.145249100834733,1.081817414659275,2
per-agent,DULAGLUTIDE,PRODUCT STORAGE ERROR,642,85031,80584,19851832,347.6293415420423,1.85998529956074,1.7204991693183216,2.0107799970358373,1.8535409056172805,250.509667658526,0.8840730398046752,0.7537603094832485,1.8464877521081984,1.7296849155532894,2
per-agent,DULAGLUTIDE,VISION BLURRED,621,85052,129745,19802671,557.9376891570419,1.114397711292088,1.029616948676537,1.206159495071785,1.1135685004705644,7.091532388203428,0.154358078446063,0.0218578360703426,1.1130527586254908,1.0414954873548654,2
per-agent,DULAGLUTIDE,OPTIC ISCHAEMIC NEUROPATHY,21,85652,3038,19929378,13.091844431304107,1.608376656929842,1.0470640869807175,2.470598985030851,1.6082275328207816,4.210642747620987,0.661595414795511,-0.0701627996408454,1.5991592631692595,1.104707616050528,1
per-agent,DULAGLUTIDE,FATIGUE,2418,83255,741361,19191055,3183.209859192853,0.7518220963421279,0.721981420969338,0.7828961357334943,0.7588265688252293,191.61722965279,-0.3965963270624608,-0.4637159814869254,0.7596333047025461,0.734558704439512,0
per-agent,DULAGLUTIDE,DRUG INEFFECTIVE,3527,82146,1259028,18673388,5403.456569455756,0.6368054496455354,0.6156704629149328,0.6586659668197911,0.6517575019735757,698.1194689161831,-0.6153699972291808,-0.6709418707353592,0.6527469542941897,0.6348657357789987,0
per-agent,DULAGLUTIDE,DIZZINESS,1845,83828,475680,19456736,2043.7015403917928,0.9002484039805306,0.8595860561327473,0.942834266665133,0.9023965917953138,19.776287769958127,-0.147525702816301,-0.2243678538703531,0.902797508211832,0.8687480840038927,0
per-agent,DULAGLUTIDE,PAIN,1160,84513,592300,19340116,2539.8777365811493,0.4481793194928173,0.4229248856607061,0.4749417904487883,0.4556508915095359,775.3292514084558,-1.1302965090294497,-1.227217559964345,0.4567629750926589,0.4351238402557947,0
per-agent,DULAGLUTIDE,ASTHENIA,1307,84366,360056,19572360,1546.553834334536,0.8421341358104996,0.7972806649151128,0.8895109763796981,0.8445424871521787,37.79205352389391,-0.2427124540484942,-0.3340174100168568,0.8451423619525807,0.8073801753053725,0
per-agent,DULAGLUTIDE,OFF LABEL USE,1742,83931,815466,19116950,3497.4697626731504,0.4865623485542637,0.4639923478509998,0.5102302228196772,0.4970021415907918,922.0393180295024,-1.005359162202448,-1.084441331264321,0.4981073204866763,0.4787821814964813,0
per-agent,DULAGLUTIDE,HEADACHE,1696,83977,599144,19333272,2571.462506735783,0.6516878718042518,0.6210588322312004,0.6838274575872286,0.6585831289963658,308.2451693933388,-0.6003081816136214,-0.6804560780425833,0.6595813477334056,0.633652275370722,0
per-agent,DULAGLUTIDE,ANXIETY,661,85012,274574,19657842,1177.9450153808389,0.5566697929660961,0.515608952843675,0.601000538667659,0.5600902552686816,230.56772610530692,-0.8330713843809249,-0.9614955433628948,0.561235820261752,0.526234560194464,0
per-agent,DULAGLUTIDE,DEATH,729,84944,824226,19108190,3530.6252117772083,0.1989610486141405,0.1849660521435741,0.2140149416981198,0.2057771679931782,2327.8383589729765,-2.275148095929294,-2.3974299314365743,0.2065252726027668,0.19424569617348,0
per-agent,DULAGLUTIDE,PRURITUS,801,84872,353310,19579106,1515.5168759115818,0.5230039965362222,0.4878121443293771,0.560734667171729,0.5274636722657342,343.93002052975044,-0.919511387817624,-1.0361629200464728,0.5286053301540671,0.4985875078438625,0
per-agent,DULAGLUTIDE,FALL,880,84793,318145,19614271,1365.356544523306,0.6398375743540625,0.598668775028005,0.6838374383834193,0.643537023825523,175.71957554520412,-0.6334110566162486,-0.7446989926363743,0.6445870867609544,0.6096271548283168,0
per-agent,DULAGLUTIDE,TREMOR,497,85176,159643,19772773,685.3638336806275,0.722697991519976,0.6616123608208189,0.7894235626115474,0.7243066558391265,52.13340320370351,-0.4632256571952743,-0.611356719797239,0.7252760125210898,0.6733188855614209,0
per-agent,DULAGLUTIDE,COUGH,526,85147,266763,19665653,1143.9378902251858,0.4554064445555555,0.4179582681429667,0.4962098983331769,0.4587500441746161,339.2225441691589,-1.1201337321694982,-1.2641177825086831,0.4599215036461355,0.4278681894121429,0
per-agent,DULAGLUTIDE,DEPRESSION,538,85135,220765,19711651,947.127966061096,0.564243954923818,0.5183313953623071,0.614223339578985,0.5669803684059066,179.03507073351352,-0.8153744307422883,-0.9577415156623902,0.5681426727938608,0.528978450878094,0
per-agent,DULAGLUTIDE,GAIT DISTURBANCE,537,85136,184850,19747566,793.4154179752123,0.673837479501683,0.6189465106608588,0.7335964270908927,0.6758818724085217,83.67499011708766,-0.5627205592559653,-0.7052203151748533,0.6769289962989756,0.6302235392440592,0
per-agent,DULAGLUTIDE,DRUG HYPERSENSITIVITY,548,85125,187406,19745010,804.4016110628742,0.6782617099175617,0.623540679989704,0.737784978436196,0.6803196813083754,82.53396824986655,-0.5533208223418774,-0.6943812607105427,0.6813576256784528,0.6348073669659519,0
per-agent,DULAGLUTIDE,ARTHRALGIA,653,85020,395049,19537367,1693.517170694965,0.379845642325439,0.3516744363605851,0.4102735287977736,0.384572461691651,654.3722396293266,-1.3741893568844208,-1.5033986424343355,0.3856670935976776,0.3614720384085257,0
per-agent,DULAGLUTIDE,BACK PAIN,624,85049,223086,19709330,957.4293944841588,0.6482088000296479,0.599054311219182,0.7013965855295258,0.6507710741274558,117.58202426050812,-0.6172177522060729,-0.7493987376609512,0.6518392127587823,0.6100311699823022,0
per-agent,DULAGLUTIDE,CEREBROVASCULAR ACCIDENT,561,85112,163754,19768662,703.2319116475104,0.795714778515105,0.7322155482223256,0.8647207919642441,0.7970524696109347,28.92537077599597,-0.3257399127740099,-0.4651542912159264,0.7978392078093921,0.7439483840962015,0
per-agent,DULAGLUTIDE,PAIN IN EXTREMITY,657,85016,284446,19647970,1220.1778760699883,0.5338049017179242,0.4943182036390799,0.5764458419705165,0.5373800091563391,264.35590386952754,-0.8926197391294476,-1.0214346669322156,0.5385351495694419,0.5048501650533985,0
per-agent,DULAGLUTIDE,WRONG TECHNIQUE IN PRODUCT USAGE PROCESS,652,85021,192972,19739444,828.6679588646049,0.7844441069346073,0.7261754884338756,0.8473882232400175,0.7860845589122273,37.98018810137848,-0.3456864664769811,-0.4749949086848038,0.7868866863963215,0.7374840207925861,0
per-agent,DULAGLUTIDE,DYSPNOEA,951,84722,541718,19390698,2322.5034735833174,0.4017949681547652,0.3768969672230851,0.4283377433995987,0.4084352513861779,835.4475596276267,-1.2877157497959475,-1.394765604111718,0.4095278682359,0.388143726741687,0
per-agent,DULAGLUTIDE,OVERDOSE,947,84726,209195,19723221,899.3613509261548,1.0538039362631466,0.9882844628508514,1.1236670997339109,1.0532092059789124,2.50764391982316,0.0744232126641699,-0.0328526547023015,1.0529960492116115,0.9978986964043464,0
per-agent,DULAGLUTIDE,RASH,885,84788,411626,19520790,1765.4559784902544,0.4949980296361765,0.463244153089102,0.5289285309048867,0.5002146876704696,449.7494471647401,-0.9958851680396008,-1.1068580330755016,0.5013519406194568,0.4742357444921379,0
per-agent,DULAGLUTIDE,BLOOD PRESSURE INCREASED,465,85208,146783,19785633,630.1889208305548,0.735608553826428,0.671432233164903,0.8059189263404194,0.7370435686207122,43.54387198056507,-0.438147422150518,-0.5912981841037372,0.7379943453940271,0.6833924100637413,0
per-agent,DULAGLUTIDE,MUSCLE SPASMS,462,85211,175821,19756595,754.4523085595233,0.6092389554280861,0.5559374445993693,0.6676508452827584,0.6113461724345202,114.47117101298892,-0.7069321445334638,-0.8605801046720513,0.6124926908578692,0.5670338925980101,0
per-agent,DULAGLUTIDE,URINARY TRACT INFECTION,486,85187,162428,19769988,697.2359410531145,0.694397988357795,0.635080007811682,0.7592564091205563,0.6961315867803797,64.49247228024875,-0.5202413451666568,-0.6700418255593829,0.6971565170158429,0.6466687280925929,0
per-agent,DULAGLUTIDE,PERIPHERAL SWELLING,419,85254,145887,19786529,626.1573688677275,0.6665800025213495,0.6054880402522878,0.7338359640864657,0.6682106560404694,69.00280549701924,-0.5790060401041287,-0.7403582578342197,0.6693000854291116,0.61721920860897,0
per-agent,DULAGLUTIDE,HYPERTENSION,419,85254,203034,19729382,870.7339081667586,0.4775776225405432,0.43382442823971,0.5257435282677341,0.4801326279232835,237.25599125446124,-1.054389293747913,-1.215741511478004,0.4813389308042526,0.4438840520290878,0
per-agent,DULAGLUTIDE,HYPERSENSITIVITY,427,85246,177374,19755042,760.9490133149073,0.5578813750043302,0.5072191735203778,0.6136038320803309,0.5600849239972819,148.06098424556788,-0.8328230169761301,-0.9926540613960784,0.5612793456703938,0.5180018031345921,0
per-agent,DULAGLUTIDE,SOMNOLENCE,428,85245,192531,19739885,825.8219057273649,0.5147766100554567,0.4680847260821733,0.5661260526019969,0.5172006597665239,193.85091986337923,-0.9474087096623528,-1.1070526170763035,0.5184072013647599,0.4784805418674155,0
per-agent,DULAGLUTIDE,INSOMNIA,464,85209,256715,19675701,1100.66932298083,0.4173606314390541,0.3809352870500844,0.4572689971152605,0.4205161724731288,374.0821042336276,-1.2452858224429662,-1.3986017804391586,0.4216779120322762,0.3904466952648286,0
per-agent,DULAGLUTIDE,NASOPHARYNGITIS,404,85269,176290,19756126,756.2112977917122,0.5309630567689118,0.4814660239003814,0.5855486237004298,0.5331748495748758,165.74581164621443,-0.903603282248141,-1.0679287554093886,0.5343868821708715,0.4920645687438252,0
per-agent,DULAGLUTIDE,ALOPECIA,418,85255,189085,19743331,811.0309889720243,0.5119408341521139,0.4649830444512,0.5636408054011696,0.5143220829857537,192.62115918838305,-0.9554185635350916,-1.1169639975695662,0.5155320873984609,0.4753701109131092,0
per-agent,DULAGLUTIDE,PNEUMONIA,419,85254,308272,19624144,1321.1293067485112,0.3128642210201628,0.2842107702723435,0.3444064442060252,0.3162247884263766,627.6573837253413,-1.6555748677931958,-1.8169270855232869,0.3172627701555565,0.2925753039325474,0
per-agent,DULAGLUTIDE,MYOCARDIAL INFARCTION,382,85291,170916,19761500,733.1176094781075,0.5178420853534287,0.468272774043421,0.5726585875315533,0.5199919379720481,169.85908883723414,-0.9395685214464192,-1.10856817062294,0.521214560272753,0.4788034118415765,0
per-agent,DULAGLUTIDE,HYPERHIDROSIS,382,85291,124193,19808223,533.1534880777081,0.7143458979463027,0.6459395495285039,0.7899966216423655,0.7156195765496493,43.020941736663055,-0.4804435272575089,-0.6494431764340297,0.7166405247549913,0.6583275957161804,0
per-agent,DULAGLUTIDE,URTICARIA,399,85274,157800,19774616,677.0567823432096,0.5863505277686395,0.5313607063808752,0.647031173524758,0.5882769939764332,115.1826445920416,-0.7621463527925854,-0.9275000440565826,0.5894636033183638,0.5424974640644076,0
per-agent,DULAGLUTIDE,RENAL FAILURE,366,85307,129665,19802751,556.5039631405375,0.655238154359537,0.5912170780513095,0.726191875822694,0.6567109968595592,65.57676205527453,-0.6038743941664697,-0.7765355030681996,0.6578373317289239,0.6031920692689436,0
per-agent,DULAGLUTIDE,DEEP VEIN THROMBOSIS,39,85634,63257,19869159,270.89290131540525,0.1430504637977328,0.1044990311030057,0.1958241619730948,0.1434405637348412,199.1317454233671,-2.7804584270154136,-3.313582510866846,0.1446126267234961,0.1104288424217604,0
per-agent,DULAGLUTIDE,PULMONARY EMBOLISM,84,85589,92131,19840285,394.6598346625395,0.2113505854357746,0.1706239439148837,0.2617983674455911,0.2121238343102554,245.93259516189812,-2.2254130676266755,-2.5869805496407707,0.2132536853522872,0.1776712530781459,0
per-agent,DULAGLUTIDE,VENOUS THROMBOSIS,1,85672,3794,19928622,16.241761888459983,0.0613113724049744,0.0086338936030553,0.4353869249502001,0.0613223290497469,13.440352494970156,-3.480416958015464,-7.2635177829805935,0.0749238595220122,0.0147072883478404,0
per-agent,DULAGLUTIDE,PORTAL VEIN THROMBOSIS,9,85664,3074,19929342,13.194559130993971,0.6811350937247315,0.3540496659829267,1.310395293313937,0.6811685906742544,1.0391061715009169,-0.5276034035464634,-1.6665685392750802,0.6887985178622869,0.389458295495267,0
per-agent,LIRAGLUTIDE,NAUSEA,7158,42247,746606,19222078,1860.3029699788024,4.362191014176484,4.253812729087394,4.473330552152551,3.875062924317659,15712.69082430972,1.9437320106713265,1.9047252673622808,3.8474093899262702,3.7731847106233625,4
per-agent,LIRAGLUTIDE,BLOOD GLUCOSE INCREASED,4053,45352,178666,19790018,450.9537446356643,9.898842961337088,9.582598217380069,10.225524408974223,9.16881542318712,29100.568767177974,3.1665180593396185,3.114678204107612,8.983052509787791,8.753331012336721,4
per-agent,LIRAGLUTIDE,VOMITING,3486,45919,443963,19524721,1104.3120971737112,3.3386663536473478,3.225247303236314,3.456073898516846,3.173650850989425,5264.8531768184575,1.6579784599963296,1.6020806758552957,3.156296423240073,3.069334635864183,4
per-agent,LIRAGLUTIDE,DIARRHOEA,3383,46022,608631,19360053,1510.4614466445823,2.33823944545887,2.257799142305816,2.4215456556140618,2.2466036991986256,2399.263868880157,1.163049539060137,1.1063070171047404,2.239572083092124,2.176946011660072,4
per-agent,LIRAGLUTIDE,PANCREATITIS,2347,47058,48447,19920237,125.36049619921262,20.50724103822972,19.655868953501603,21.395489357143614,19.580543442506105,39551.91565130409,4.22122771697381,4.153100092176593,18.684397173054787,18.05854020885939,4
per-agent,LIRAGLUTIDE,DECREASED APPETITE,2126,47279,219021,19749663,545.7947327040058,4.054795070882611,3.8815826333250256,4.235736971228662,3.923340879592328,4634.68763040434,1.960729437008147,1.889147243192414,3.8940177351740495,3.757065743850895,4
per-agent,LIRAGLUTIDE,WEIGHT DECREASED,2122,47283,266039,19702645,661.826121614306,3.3236828903498776,3.1816911229591747,3.4720114331306395,3.2238781116165014,3271.1317655798134,1.6801508905700455,1.6085012392001723,3.2055592465772307,3.0927155499664467,4
per-agent,LIRAGLUTIDE,ABDOMINAL PAIN,1277,48128,221212,19747472,549.1068125933499,2.368622809324433,2.2402333805826986,2.504370331002156,2.333247213180171,976.806956993966,1.2168514990090074,1.1244796853296295,2.3251648810915144,2.220090468533208,4
per-agent,LIRAGLUTIDE,WEIGHT INCREASED,1201,48204,211197,19757487,524.2020449604355,2.3307939901823214,2.2007356183809903,2.468538510167166,2.2984433458708358,884.0630222082376,1.1952663306404196,1.1000149972584758,2.290668901348702,2.183990220306295,4
per-agent,LIRAGLUTIDE,ABDOMINAL PAIN UPPER,1442,47963,194675,19774009,484.0202471374765,3.053820209818267,2.8974140199714613,3.218669409898949,2.9938746832003558,1917.5407314521256,1.573942459501669,1.4870187087671751,2.978356920511919,2.851559967195913,4
per-agent,LIRAGLUTIDE,CONSTIPATION,1560,47845,203560,19765124,506.23981140257695,3.1658850391754947,3.009630175442794,3.330252388833989,3.0974955915261924,2219.531276542345,1.6226912752342464,1.5391212198192576,3.0806685018435087,2.9544886175768106,4
per-agent,LIRAGLUTIDE,FLATULENCE,574,48831,53297,19915387,132.95458697381153,4.392403817544027,4.0436608440974,4.771223908290422,4.352989997257208,1467.308812370826,2.1059579996010087,1.9681333697899872,4.311398135106923,4.023454789786297,4
per-agent,LIRAGLUTIDE,DEHYDRATION,825,48580,127470,19841214,316.6343438177341,2.6433623110021967,2.467033108417266,2.832294501191207,2.615920272613838,821.873870682871,1.3801740936962426,1.2652333158620408,2.604541886700257,2.4587729944861936,4
per-agent,LIRAGLUTIDE,GASTROOESOPHAGEAL REFLUX DISEASE,576,48829,75924,19892760,188.8033617994205,3.090726784304048,2.8461032126251524,3.3563758379666924,3.066351546418022,797.016102977986,1.6066205760837828,1.469035728327901,3.0484938917458986,2.8452394148072533,4
per-agent,LIRAGLUTIDE,HYPOGLYCAEMIA,550,48855,46068,19922616,115.05405386098543,4.868561696078009,4.473893068763383,5.298046382469672,4.825495024023704,1648.3722929914316,2.2521746905479185,2.1113712905241657,4.772486617077159,4.447065930751882,4
per-agent,LIRAGLUTIDE,BLOOD GLUCOSE DECREASED,1177,48228,45348,19923336,114.82452820546456,10.72213156466825,10.112345300320666,11.36868865488698,10.490516366781105,9863.535427070026,3.351955764398842,3.255737624604389,10.229521282089518,9.748383671704303,4
per-agent,LIRAGLUTIDE,ACUTE KIDNEY INJURY,881,48524,144023,19824661,357.6256514795194,2.49915522241796,2.3375903112940195,2.671886855263996,2.4724219818360305,771.9591561668088,1.2994947112140172,1.1882700040798282,2.4627043231945365,2.3292258630467946,4
per-agent,LIRAGLUTIDE,PANCREATIC CARCINOMA,963,48442,27284,19941400,69.71409883331022,14.529538695809814,13.616783259463402,15.503477634214317,14.265821546451148,11477.847612631896,3.778452011866881,3.672071720779634,13.765250147959248,13.050946396581631,4
per-agent,LIRAGLUTIDE,ABDOMINAL DISCOMFORT,1012,48393,158674,19810010,394.1078906183303,2.610819762337289,2.4527641062604424,2.7790604950605697,2.57782412223031,977.3688342793546,1.3594301982622852,1.2556591257266725,2.5670576200700475,2.437044823596888,4
per-agent,LIRAGLUTIDE,DYSPEPSIA,794,48611,92865,19875819,231.1520792519206,3.495899324720297,3.2581885365176877,3.750953007047842,3.455787108065547,1377.914480907871,1.7780875878696845,1.6609225192013102,3.432634973927699,3.236893720297411,4
per-agent,LIRAGLUTIDE,PANCREATITIS ACUTE,747,48658,20485,19948199,52.400953957193416,14.949754865049494,13.88968411382213,16.090730983771106,14.738835587968389,9226.516184400036,3.820707935660259,3.699909776126821,14.188978715242651,13.35541975242263,4
per-agent,LIRAGLUTIDE,GLYCOSYLATED HAEMOGLOBIN INCREASED,759,48646,23332,19945352,59.45701685110902,13.33780543622233,12.40085783547473,14.345544172405363,13.1482619826024,8248.990221113665,3.6630494555346886,3.5432109269685537,12.71372045551223,11.97261215713605,4
per-agent,LIRAGLUTIDE,ERUCTATION,763,48642,16523,19952161,42.662155713265136,18.941490577854747,17.60591280457923,20.37838476728357,18.66440612666756,12186.38540257962,4.144789330568933,4.025265632396027,17.779995341785053,16.746218090391768,4
per-agent,LIRAGLUTIDE,ABDOMINAL DISTENSION,693,48712,98364,19870320,244.47443934333592,2.8738622895033097,2.665558553102853,3.09844420765591,2.8475777724174725,827.1793480293752,1.5012646564082937,1.3758437086536344,2.833117633938278,2.660479560511249,4
per-agent,LIRAGLUTIDE,INJECTION SITE PRURITUS,452,48953,62819,19905865,156.1539543060279,2.925830471147996,2.666141993562157,3.2108132149633497,2.90821129549859,561.7684578508885,1.5303366050869776,1.3749956626044424,2.8920736536035987,2.675185570769475,4
per-agent,LIRAGLUTIDE,DIABETES MELLITUS INADEQUATE CONTROL,457,48948,16518,19952166,41.89460217706096,11.277525982858048,10.272239060008928,12.381194747421295,11.182458087419,4116.739960460819,3.4318192505739744,3.277331756112932,10.847005163355028,10.037866565176254,4
per-agent,LIRAGLUTIDE,ILEUS,82,49323,11631,19957053,28.907892506622385,2.8526186897128256,2.295269613725754,3.545306111420165,2.8495438039207714,95.97366463626568,1.488190721029037,1.1222036754703653,2.8237223717133237,2.347835510160558,4
per-agent,LIRAGLUTIDE,DEVICE MALFUNCTION,356,49049,61448,19907236,152.53337219152138,2.3513812640919283,2.1179454958095927,2.6105458615728336,2.341643550702257,271.5816923336545,1.2200557790113011,1.0449816963456242,2.332355125723278,2.136058255670469,4
per-agent,LIRAGLUTIDE,LACTIC ACIDOSIS,318,49087,29909,19938775,74.60077407988345,4.3187414928548895,3.8655945300085977,4.825008918373287,4.2973800963418265,794.0326717028596,2.0843936893836688,1.89913233382658,4.252453910119842,3.8745662252855,4
per-agent,LIRAGLUTIDE,INCREASED APPETITE,328,49077,16999,19951685,42.76334444311842,7.844261122441573,7.0298241788271465,8.753054271595508,7.798822044450259,1902.2357577449825,2.9246762692751687,2.7422670606873245,7.630636252243752,6.962577547286462,4
per-agent,LIRAGLUTIDE,THYROID CANCER,152,49253,11574,19957110,28.93997673803928,5.321389795793847,4.53340302955206,6.2463427968320016,5.308094557478682,520.6275362148572,2.3729608061111884,2.104672615407649,5.216746003137156,4.55763179798939,4
per-agent,LIRAGLUTIDE,INJECTION SITE RASH,287,49118,28231,19940453,70.38293165746241,4.127147402874532,3.672850570173352,4.63763645147427,4.1089814013640575,666.1976496464836,2.020051777183817,1.825018121790052,4.067562650327672,3.687847182228936,4
per-agent,LIRAGLUTIDE,OPTIC ISCHAEMIC NEUROPATHY,25,49380,3034,19965650,7.54966645417552,3.331630277404216,2.247348292505243,4.93904765110662,3.3304504219860376,38.15647741985806,1.6634963369897495,0.9944672324608048,3.246917196847992,2.3180480094647566,4
per-agent,LIRAGLUTIDE,INJECTION SITE HAEMATOMA,363,49042,14034,19954650,35.53205228531055,10.524490843536071,9.479519109546269,11.684654699849675,10.454510271201215,3018.3923976672145,3.3346026330372114,3.1612281316897297,10.1492033021196,9.303002396753708,4
per-agent,LIRAGLUTIDE,INJECTION SITE REACTION,363,49042,65147,19903537,161.67984616313774,2.261383875410205,2.038955215238348,2.5080771729297067,2.252115940043868,250.8738829230158,1.1643608149166007,0.9909863135691188,2.243855537906796,2.056771632779931,4
per-agent,LIRAGLUTIDE,IMPAIRED GASTRIC EMPTYING,422,48983,10525,19958159,27.01739087082688,16.336741770364558,14.8160084758805,18.01356499667587,16.20574075777284,5777.2751337038735,3.940535752440151,3.779759050282296,15.477560310043186,14.27761918047825,4
per-agent,LIRAGLUTIDE,INJECTION SITE BRUISING,410,48995,74221,19894463,184.19063652879157,2.2430425610633944,2.0347331726794997,2.4726779895745703,2.2327268551624533,277.323234445122,1.1522714957796616,0.98915492712643,2.2248221918811435,2.049914284708817,4
per-agent,LIRAGLUTIDE,CHOLELITHIASIS,425,48980,30977,19937707,77.5006949964105,5.584779140988085,5.072892336769494,6.14831854946833,5.545339182787095,1559.935309920984,2.4476002481646386,2.2873929469408023,5.46966826114532,5.047067100407516,4
per-agent,LIRAGLUTIDE,CHRONIC KIDNEY DISEASE,438,48967,74294,19894390,184.4399063267228,2.395231524703448,2.179584134615289,2.6322150018521056,2.382862100397808,349.37349916253754,1.2455202796493543,1.087712294588448,2.373405740466736,2.19268339921231,4
per-agent,LIRAGLUTIDE,WEIGHT LOSS POOR,452,48953,3195,19965489,9.000860921339694,57.6989901111433,52.26594293170164,63.69680279558334,57.18025833237118,21811.88049644178,5.573715732666816,5.418374790184281,48.77830735697929,45.12022847182826,4
per-agent,LIRAGLUTIDE,DIABETIC KETOACIDOSIS,525,48880,22524,19946160,56.88534230215482,9.511343928178738,8.718947676351892,10.375754813332517,9.420898516534292,3857.885785666799,3.194936576676543,3.0508152789213723,9.191894468814963,8.550811943028137,4
per-agent,LIRAGLUTIDE,INJECTION SITE ERYTHEMA,580,48825,117275,19851409,290.86823797216607,2.010812782110573,1.8523803291059449,2.1827958228485405,1.9989461408065723,288.82151731791885,0.9944524491857746,0.8573434348733717,1.9935305044535216,1.8610606895785204,2
per-agent,LIRAGLUTIDE,DIZZINESS,1520,47885,476005,19492679,1178.5402005655983,1.2998825466660435,1.2350709499595058,1.368095197431693,1.290656325212094,101.30261242223035,0.3669329070689461,0.2822698785273861,1.289771298131954,1.2362652362738,2
per-agent,LIRAGLUTIDE,HEADACHE,2020,47385,598820,19369864,1482.8838157328605,1.378925360567281,1.318772026118597,1.4418224775451909,1.3634324098872703,200.6912766097558,0.4458204176456382,0.3723834455392499,1.3622290970260649,1.31309702373269,2
per-agent,LIRAGLUTIDE,DYSGEUSIA,335,49070,72145,19896539,178.88193023819608,1.8827820484082456,1.6905449791372744,2.0968789860991337,1.876796176811914,136.2078261603365,0.9032781965067382,0.7227888814684867,1.87211752250759,1.7098720898880568,2
per-agent,LIRAGLUTIDE,INJECTION SITE HAEMORRHAGE,363,49042,75318,19893366,186.7820552201561,1.9550053298259904,1.762779717288835,2.168192543947781,1.947988490746407,166.34711388749875,0.9567426924611082,0.7833681911136264,1.9427383035594616,1.780760376580929,2
per-agent,LIRAGLUTIDE,VISUAL IMPAIRMENT,412,48993,116388,19852296,288.264479191795,1.4343849475271857,1.3016044216193567,1.5807108085364614,1.430762508535561,53.12454943524696,0.5145008315848,0.3517813406004845,1.4292749774477609,1.3171742366936088,2
per-agent,LIRAGLUTIDE,HYPERHIDROSIS,437,48968,124138,19844546,307.45331759689947,1.4266107556717824,1.298174957270788,1.56775343477365,1.4228372732261074,54.638502442055696,0.5065713464658388,0.3485826139451348,1.4213909383029668,1.3130397417844148,2
per-agent,LIRAGLUTIDE,ASTHMA,323,49082,105687,19862997,261.63456711577214,1.2368113952103277,1.1084406178734771,1.38004905509221,1.2352631697138612,14.270049789429445,0.3034581009465449,0.1196394118746862,1.2347851531239211,1.1258782587424994,2
per-agent,LIRAGLUTIDE,PALPITATIONS,335,49070,111633,19857051,276.3390171759152,1.2143696489624105,1.0904746576896,1.352341050681119,1.2129160747816106,12.340433396818304,0.2772654783665724,0.0967761633283208,1.2125271749736206,1.1074445646666395,2
per-agent,LIRAGLUTIDE,HEART RATE INCREASED,334,49071,94548,19874136,234.17046502291004,1.4307292937219536,1.284518573124904,1.5935824944393977,1.427817370149377,42.43861734164476,0.5113699311967661,0.3306100533721623,1.4263542164786172,1.3025624270934262,2
per-agent,LIRAGLUTIDE,RENAL FAILURE,497,48908,129534,19839150,320.91882272079016,1.5563804594289343,1.4245138030103948,1.7004539579561695,1.5507834330482813,96.93132119015964,0.6302421079973723,0.4821110453954076,1.5486050873750887,1.4376885203273904,2
per-agent,LIRAGLUTIDE,ASTHENIA,1037,48368,360326,19608358,891.8503167310326,1.1667189543857197,1.0970156358561531,1.2408511547427017,1.1632195604843332,23.95121814962256,0.2174292402672414,0.1149175231226257,1.16284321030962,1.1046485826486596,2
per-agent,LIRAGLUTIDE,BACK PAIN,681,48724,223029,19745655,552.1202623287368,1.2374121754479923,1.147145580725195,1.334781668233387,1.2341396789095838,30.26308432353281,0.3024251961734874,0.1759029020730993,1.2335405861985118,1.1577314620924433,2
per-agent,LIRAGLUTIDE,MALAISE,1359,48046,422801,19545883,1046.8344305992446,1.3076198623225006,1.238880768542528,1.3801729333096993,1.299158059005098,95.03288488187816,0.3763539599756606,0.2868137934345008,1.298242557545768,1.2413399359856083,2
per-agent,LIRAGLUTIDE,INJECTION SITE PAIN,856,48549,285835,19682849,707.5584914723878,1.2141323483273063,1.1346786381133938,1.2991496532496314,1.210422252382196,31.45977908479103,0.2745847025665539,0.1617461634271836,1.2098917955805757,1.143386717811431,2
per-agent,LIRAGLUTIDE,OFF LABEL USE,1787,47618,815421,19153263,2016.8838913644556,0.8814836921883332,0.8407775923015115,0.9241605707723608,0.8857704777780397,27.265882939622216,-0.1745424010429906,-0.2526221016445588,0.8860985200096432,0.8521511629720483,0
per-agent,LIRAGLUTIDE,FATIGUE,1661,47744,742118,19226566,1835.659812232826,0.9013212049451904,0.8582415194966734,0.9465632878729524,0.9046387938245758,17.20365176241724,-0.1442053377707646,-0.2251936138300413,0.904934925930522,0.8689959908346283,0
per-agent,LIRAGLUTIDE,DRUG INEFFECTIVE,1567,47838,1260988,18707696,3116.008215119835,0.4859653810354126,0.4621028182602992,0.5110601845147484,0.5022692419385095,823.3695216671728,-0.9914650726725582,-1.0748481749295922,0.5029713057525191,0.4824155958571287,0
per-agent,LIRAGLUTIDE,PRURITUS,628,48777,353483,19615201,873.9522516360078,0.7144449791957536,0.6603178750027217,0.7730089516294206,0.718074744463744,70.35107575365181,-0.4764668651059092,-0.608225742494603,0.7188077736407043,0.6728548630993227,0
per-agent,LIRAGLUTIDE,CONDITION AGGRAVATED,624,48781,285828,19682856,706.9686352178771,0.8808809852683163,0.8139290413929934,0.9533402431239988,0.8823854942287974,9.783857938625545,-0.1799646173569964,-0.3121456028118747,0.8828662664354513,0.8262494447819911,0
per-agent,LIRAGLUTIDE,ARTHRALGIA,614,48791,395088,19573596,976.59958000986,0.6234554604072058,0.5757190199640423,0.6751500256771745,0.6281351152459868,137.30408532662503,-0.6690925897384987,-0.802346853821001,0.6289458722493765,0.5882943061278376,0
per-agent,LIRAGLUTIDE,PAIN IN EXTREMITY,602,48803,284501,19684183,703.639279203924,0.8534607800410403,0.787481280547866,0.9249684037714552,0.8552463606586963,14.784022427645857,-0.2248995817567835,-0.3594769576262512,0.8557881754035697,0.7999412193366005,0
per-agent,LIRAGLUTIDE,ANXIETY,664,48741,274571,19694113,679.2848795406994,0.9771368779060244,0.9050182159001632,1.055002497617419,0.9774441567861052,0.3270916718748773,-0.0328090728602562,-0.1609424778673603,0.9776940648257504,0.9168639559215956,0
per-agent,LIRAGLUTIDE,RASH,713,48692,411798,19556886,1018.0844912319052,0.6954203378952996,0.6458156144979621,0.7488351713737306,0.6998159516809619,93.27126939786348,-0.5135803215093205,-0.6372279219418753,0.70053976032885,0.658439696644685,0
per-agent,LIRAGLUTIDE,FALL,642,48763,318383,19650301,787.3593790596095,0.8125759199603817,0.7516479552668475,0.8784426553319771,0.8150114276900738,27.15003722051617,-0.2942416991858503,-0.424554429507277,0.8156087135497222,0.7640238927897797,0
per-agent,LIRAGLUTIDE,PAIN,819,48586,592641,19376043,1464.6698443592693,0.5511199750086917,0.5143178229368883,0.5905555151077311,0.5585611801593421,293.596878769436,-0.8382520589555352,-0.9536134606732948,0.5593392371893849,0.527922805506336,0
per-agent,LIRAGLUTIDE,DYSPNOEA,1058,48347,541611,19427073,1339.3167522134606,0.7849392263464807,0.7385087345398407,0.8342888313180445,0.7895447176636637,60.66967636144049,-0.3400144262993649,-0.4415029884374165,0.7900925068102402,0.7509385310268906,0
per-agent,LIRAGLUTIDE,ALOPECIA,424,48981,189079,19779605,467.69677739968085,0.9055501916830976,0.8229030328974715,0.9964979066488192,0.9063607719629552,4.037777292140506,-0.1413504506299641,-0.3017468794524465,0.9068957346152576,0.836746680328867,0
per-agent,LIRAGLUTIDE,INCORRECT DOSE ADMINISTERED,425,48980,210669,19758015,520.9837497475409,0.8137908946513256,0.7396088293733851,0.8954133508363931,0.8153927339342563,17.730131216088246,-0.2934631648915008,-0.4536704661153373,0.8161042794142396,0.7530498857477161,0
per-agent,LIRAGLUTIDE,MUSCLE SPASMS,437,48968,175846,19792838,435.0695820665,1.0044877545818909,0.9140992003765824,1.103814168844357,1.0044480592321836,0.0047564371242052,0.0063798097544446,-0.1516089227662592,1.0047253254299209,0.9281361280112302,0
per-agent,LIRAGLUTIDE,INSOMNIA,504,48901,256675,19712009,634.7223501204336,0.7915167580557102,0.7249557461785603,0.8641889957910781,0.7936435782953604,27.131644213008627,-0.3324074048631092,-0.4795047259586159,0.7943363133705916,0.7378277151702622,0
per-agent,LIRAGLUTIDE,URINARY TRACT INFECTION,425,48980,162489,19806195,402.07465208092543,1.0576628102608805,0.9612231322635306,1.163778297318642,1.0571667735366446,1.2641358634643436,0.0799027953906992,-0.0803045058331372,1.0572938049729197,0.9756044651647892,0
per-agent,LIRAGLUTIDE,DEATH,454,48951,824501,19144183,2036.003625271124,0.2153475498870384,0.1963333534638607,0.2362032045201465,0.2225579984722278,1284.4338082507518,-2.1637421830175163,-2.3187400521122266,0.2231525446887275,0.206453182947934,0
per-agent,LIRAGLUTIDE,DEPRESSION,534,48871,220769,19747915,546.1797434810086,0.9774019252265168,0.8974121460967913,1.0645214995044934,0.9776461792884346,0.253181587542874,-0.0325059713617753,-0.1754059768195286,0.9779431560612118,0.910297564348323,0
per-agent,LIRAGLUTIDE,COUGH,361,49044,266928,19701756,659.6740100915727,0.5432905135766068,0.4898194804198331,0.6025987000136098,0.5466276682087057,136.93715289021233,-0.8688506960946611,-1.042705734447778,0.547619855766429,0.5018396541548745,0
per-agent,LIRAGLUTIDE,PNEUMONIA,381,49024,308310,19660374,761.8548831009794,0.4955875595387657,0.4480379835445496,0.548183498252818,0.4994774722969022,193.34287159942545,-0.9987796846270814,-1.16800138419791,0.5004411003885302,0.4596791981732033,0
per-agent,LIRAGLUTIDE,PRODUCT USE ISSUE,379,49026,176455,19792229,436.4294598750161,0.8671085874596223,0.7836705898524696,0.9594302914796976,0.8681280358019521,7.510808975659014,-0.2033004968242168,-0.3729689356606747,0.868783372333739,0.797839292154654,0
per-agent,LIRAGLUTIDE,TREMOR,370,49035,159770,19808914,395.22837070012025,0.9355370160655704,0.844481670403335,1.036410308362111,0.9360197871222596,1.563523054006898,-0.0950369566969705,-0.2667604317251211,0.9365322453424352,0.8591638654231214,0
per-agent,LIRAGLUTIDE,PRODUCT USE IN UNAPPROVED INDICATION,388,49017,228181,19740503,564.1123608252516,0.6847999714674307,0.6196436868779354,0.756807518341058,0.687275381063031,55.43768332121957,-0.5393461148271076,-0.7070315724705969,0.6881822210550156,0.6326189228871663,0
per-agent,LIRAGLUTIDE,HYPERTENSION,403,49002,203050,19765634,502.1256257278105,0.8005694174813242,0.7257391096404363,0.8831154111619022,0.8021961865280811,19.61899903193121,-0.3169155535610725,-0.4814451358611962,0.8029478164773127,0.7392953185395956,0
per-agent,LIRAGLUTIDE,CHEST PAIN,402,49003,178568,19790116,441.701145898592,0.9091762656286198,0.8240839473988409,1.0030549491851015,0.909915282756791,3.5191874735824675,-0.1357139804616513,-0.300448434361761,0.9104600380654364,0.8381979795602617,0
per-agent,LIRAGLUTIDE,URTICARIA,395,49010,157804,19810880,390.4379481477977,1.0118081027331711,0.9163106644664272,1.1172582361601548,1.011713695272801,0.0427029474927772,0.0167380615996646,-0.1494522474660503,1.0120006206084036,0.9309949459230622,0
per-agent,LIRAGLUTIDE,SOMNOLENCE,423,48982,192536,19776148,476.2262469209723,0.8870204082166553,0.8059758105631164,0.9762144152231064,0.8879877266525292,5.909083596213252,-0.1707990879044703,-0.3313853157110747,0.8885634384889516,0.819753873726457,0
per-agent,LIRAGLUTIDE,DRUG DOSE OMISSION,414,48991,165062,19803622,408.397713687855,1.0138683409035387,0.920274696407956,1.1169806327379617,1.0137521281085975,0.0644353895846807,0.0196321055244287,-0.1426931935598661,1.0140186261261923,0.9346731740296292,0
per-agent,LIRAGLUTIDE,FEELING ABNORMAL,525,48880,232375,19736309,574.8013459226802,0.9122306067972064,0.8369765512704365,0.994250888766796,0.913163284287976,4.288993210823722,-0.1306270812366876,-0.2747483789918588,0.913620603614317,0.8499007462809826,0
per-agent,LIRAGLUTIDE,VISION BLURRED,340,49065,130026,19838658,321.74560868422554,1.0572780159768906,0.9501787082991296,1.1764490124905214,1.0568838347111862,0.98857511055699,0.0794940994569589,-0.0996603923222841,1.0570808500846889,0.9661210789584171,0
per-agent,LIRAGLUTIDE,HYPOTENSION,335,49070,191921,19776763,474.4912304066587,0.7034957211708603,0.6317644590418092,0.7833714331704068,0.7055062248325902,41.21079117688791,-0.501588111301039,-0.6820774263392905,0.7064558630630583,0.645231481713459,0
per-agent,LIRAGLUTIDE,PRODUCT QUALITY ISSUE,336,49069,130590,19838094,323.1276986529533,1.0402125565626732,0.9342557445127316,1.1581862559432268,1.0399390737369458,0.4780240477845901,0.0562714143757136,-0.1239485491762797,1.040194781150562,0.9501764848260764,0
per-agent,LIRAGLUTIDE,HYPERSENSITIVITY,337,49068,177464,19791220,438.8160330888728,0.7659384022814942,0.6880529845054834,0.8526402025727318,0.7675349766855248,23.660378199659338,-0.3803716502053229,-0.5603234645599127,0.7684089118131215,0.7020060076082634,0
per-agent,LIRAGLUTIDE,INAPPROPRIATE SCHEDULE OF PRODUCT ADMINISTRATION,347,49058,163902,19804782,405.3694558456604,0.8546837545468573,0.7689530390203149,0.9499726032905554,0.855704394910631,8.350241669664205,-0.2240027946752771,-0.4013373258055536,0.8564188741755618,0.7834455577616953,0
per-agent,LIRAGLUTIDE,PERIPHERAL SWELLING,328,49077,145978,19822706,361.0858124369414,0.9075516843825118,0.8140685475862315,1.0117699084035523,0.9081654491334992,2.969652505163596,-0.1384447012087587,-0.3208539097966028,0.9087915141471355,0.8292272337978022,0
per-agent,LIRAGLUTIDE,BLOOD PRESSURE INCREASED,331,49074,146917,19821767,363.4106852057656,0.9100114366784712,0.8166750961818344,1.0140150210987111,0.9106143354631978,2.8297893370784197,-0.1345755421141829,-0.3161544676411377,0.9112309206457792,0.8318019017835618,0
per-agent,LIRAGLUTIDE,PRODUCT DOSE OMISSION ISSUE,332,49073,254121,19714563,627.9945335940909,0.5248583056667696,0.4711258167073117,0.5847190522325644,0.5280512424650416,141.17961054462543,-0.9185458560749268,-1.0998505298929595,0.5290741490281512,0.4830234029580091,0
per-agent,LIRAGLUTIDE,PYREXIA,355,49050,332797,19635887,822.2250665385692,0.4270320416498158,0.3846758682967954,0.4740519996822716,0.4311491072345605,270.0805428597213,-1.2105608399294536,-1.3858818230516494,0.4320984949232428,0.3956826566121005,0
per-agent,LIRAGLUTIDE,WRONG TECHNIQUE IN PRODUCT USAGE PROCESS,317,49088,193307,19775377,477.86747875883657,0.6606342948864925,0.5915050166727631,0.7378427220028507,0.6628117855963596,54.47778463339301,-0.5913627210873477,-0.7769167074011469,0.6638216755132349,0.6047427753595913,0
per-agent,LIRAGLUTIDE,DRUG INTERACTION,315,49090,152106,19816578,376.1777412918885,0.83598760266723,0.7482309948226687,0.9340367836258058,0.8370333248645749,9.886858791911152,-0.2556907786041871,-0.4418342106532338,0.8378251046501115,0.7630329302990309,0
per-agent,LIRAGLUTIDE,MYOCARDIAL INFARCTION,303,49102,170995,19797689,422.76651332702136,0.7144544287576576,0.6380859591765534,0.7999629570758109,0.7162056747466553,34.020599074886604,-0.4798698380670529,-0.6696719201204118,0.717190639389012,0.651960975295397,0
per-agent,LIRAGLUTIDE,COVID-19,302,49103,171691,19796993,424.4817856989246,0.7091704251213138,0.6332495257002274,0.7941935547612592,0.7109481911695552,35.4447251616566,-0.490465867698532,-0.6805826658703379,0.7119401445123295,0.6470850968766502,0
per-agent,LIRAGLUTIDE,NASOPHARYNGITIS,291,49114,176403,19792281,436.0839373828341,0.6647794174762125,0.5923649269447725,0.746046320094192,0.6667538975797329,48.48345813678591,-0.5827631688350947,-0.776448472585051,0.667801970015571,0.6058740411304468,0
per-agent,LIRAGLUTIDE,MYALGIA,295,49110,162958,19805726,402.911310115566,0.7300744711328704,0.6510490086097727,0.8186921819266858,0.7316862114631163,28.941434402095307,-0.4490934017853072,-0.6414579374528104,0.7326673274256554,0.6651680617951995,0
per-agent,LIRAGLUTIDE,LOSS OF CONSCIOUSNESS,299,49106,122972,19845712,304.2350223840048,0.9826459692410936,0.8769206079551038,1.1011180397703737,0.9827509961654312,0.0743345441463962,-0.0249993116351083,-0.2160697349704164,0.9832245975639344,0.8932259794420871,0
per-agent,LIRAGLUTIDE,CEREBROVASCULAR ACCIDENT,301,49104,164014,19804670,405.5323450205462,0.7401782416546843,0.6608114988363043,0.8290773244470078,0.7417612059146164,26.975157590243523,-0.4294366566694143,-0.6198697416629658,0.7427205288618961,0.6749536103028324,0
per-agent,LIRAGLUTIDE,DEEP VEIN THROMBOSIS,89,49316,63207,19905477,156.2156547510604,0.56834176810975,0.4615680148045942,0.6998153143580904,0.5691193732638484,28.65362097648157,-0.8081897142331738,-1.1593726377072866,0.571290099697046,0.4785845928119091,0
per-agent,LIRAGLUTIDE,PULMONARY EMBOLISM,206,49199,92009,19876675,227.588261546844,0.9045329065034452,0.7887269942360374,1.0373421791402757,0.9049309678587796,1.9679320896135637,-0.143450419306406,-0.3737677740216,0.9058139069892336,0.8067283852519997,0
per-agent,LIRAGLUTIDE,VENOUS THROMBOSIS,8,49397,3787,19964897,9.366127555932035,0.8538098915754739,0.4266466566099542,1.708653565328594,0.8538335636909965,0.080308063899726,-0.2150210983343451,-1.4276169768125546,0.8719329478463661,0.4796022597846603,0
per-agent,LIRAGLUTIDE,PORTAL VEIN THROMBOSIS,11,49394,3072,19965612,7.608898881406712,1.4473711223782242,0.8006460772857961,2.616490888203799,1.4472715154083595,1.1013993438262897,0.5040559338692993,-0.5203451354155948,1.446724375419426,0.8688065925985361,0
per-agent,EXENATIDE,BLOOD GLUCOSE INCREASED,15474,36830,167245,19798540,477.4149308657784,49.73715001396958,48.782338751285614,50.71064969075353,35.318393144205025,476626.6580077442,5.016995144221457,4.990466036934871,32.4063966504035,31.980126492130932,4
per-agent,EXENATIDE,WEIGHT DECREASED,12125,40179,256036,19709749,700.6609344178657,23.23072071701822,22.75525282704717,23.71612344340317,18.077243187692623,189282.112112555,4.112154810668906,4.082184874470135,17.303104446339898,17.046157506166537,4
per-agent,EXENATIDE,NAUSEA,12041,40263,741723,19224062,1969.462332593286,7.751037491439789,7.59383570981422,7.911493544172948,6.196868738869688,53654.45731560887,2.6117751691923856,2.5817008709119564,6.113638696875394,6.022538391957602,4
per-agent,EXENATIDE,DECREASED APPETITE,5643,46661,215504,19750281,577.8210241746852,11.08342410372485,10.777946823623614,11.397559467799327,9.995538622359769,45006.0850664172,3.2866477187670284,3.242715178884435,9.764726102965646,9.552760078630865,4
per-agent,EXENATIDE,BLOOD GLUCOSE DECREASED,5517,46787,41008,19924777,121.56223303832849,57.293145382710456,55.62575149253877,59.01051976411839,51.355372304620566,240614.04508667803,5.498325930587513,5.453894482201669,45.3526815517247,44.3571161153442,4
per-agent,EXENATIDE,VOMITING,4345,47959,443104,19522681,1169.1112221551218,3.991659147294188,3.8690625564116576,4.118140380483966,3.743135917809001,8844.876945602136,1.8934931265274837,1.843425773808398,3.716318223894517,3.624495164500992,4
per-agent,EXENATIDE,DIZZINESS,2672,49632,474853,19490932,1247.6949023455736,2.2097752134369517,2.1251871479731115,2.297730107476683,2.147972686473363,1668.838971773412,1.098346723126091,1.0344978025350684,2.141489970496977,2.074200776179114,4
per-agent,EXENATIDE,INJECTION SITE PAIN,2023,50281,284668,19681117,749.0768006876181,2.781653747989498,2.6603210313337757,2.9085202434477275,2.7127434250279125,2202.014390982292,1.4327046414457036,1.3593221602371337,2.700494226427685,2.6031587472692954,4
per-agent,EXENATIDE,INJECTION SITE HAEMORRHAGE,1809,50495,73872,19891913,197.74210335462087,9.646880177181576,9.199789393493525,10.115698650527406,9.347816888704184,13205.128542326236,3.190255802888105,3.1126525222537142,9.144829857750288,8.796558173227648,4
per-agent,EXENATIDE,INJECTION SITE BRUISING,1843,50461,72788,19892997,194.9986246938956,9.981824115969603,9.523074019670297,10.46267334227881,9.66533776988265,14008.073176992317,3.237217052913195,3.1603332030245563,9.447715787149289,9.091192391435348,4
per-agent,EXENATIDE,PANCREATITIS,2011,50293,48783,19917002,132.71643342179166,16.32525564348464,15.599896020580918,17.084342836228874,15.73602558270444,26705.823416809933,3.9164277703085286,3.842826594282697,15.143542151834705,14.59611234975884,4
per-agent,EXENATIDE,GASTROOESOPHAGEAL REFLUX DISEASE,659,51645,75841,19889944,199.88201670998663,3.346467737714449,3.097944652036268,3.614927823905021,3.316903608027354,1059.0769552245897,1.718619619843284,1.5900005216580022,3.2960738695426914,3.0901988654714163,4
per-agent,EXENATIDE,BLOOD GLUCOSE ABNORMAL,730,51574,17076,19948709,46.52417241226173,16.53562799047566,15.347271853641567,17.815999849805486,16.318799288406083,10061.314167318793,3.95740981422045,3.835211843590657,15.663937825337088,14.733161155866242,4
per-agent,EXENATIDE,HYPOGLYCAEMIA,737,51567,45881,19919904,121.80522686256415,6.205117184847173,5.766630035339786,6.676946334639791,6.131773437423795,3117.467272504606,2.5921569888524987,2.4705412803483178,6.047252373607631,5.689583809307864,4
per-agent,EXENATIDE,FEELING ABNORMAL,1664,50640,231236,19734549,608.5296953170705,2.80434462270302,2.670235235233824,2.9451894945857413,2.746941184109837,1855.3136198192271,1.4505043920086074,1.369589186369947,2.734253826317416,2.625751706285209,4
per-agent,EXENATIDE,INCORRECT DOSE ADMINISTERED,1631,50673,209463,19756322,551.5541756258552,3.0358207213772626,2.8892219688714573,3.1898578758015788,2.9723375538075487,2138.707290358261,1.5633172300390832,1.4815871921649555,2.956836135553089,2.838339502286626,4
per-agent,EXENATIDE,DYSPEPSIA,1374,50930,92285,19873500,244.71568369987764,5.809734676470751,5.504473219381988,6.131925011849964,5.683385344766277,5244.849910368433,2.4867837467208327,2.397733932085063,5.613145027204402,5.368415341560043,4
per-agent,EXENATIDE,TREMOR,1519,50785,158621,19807164,418.4196883129054,3.73494259368122,3.548261632597254,3.931445204023254,3.655515058506056,2923.2174535283,1.858851080425174,1.7741601754139922,3.629840830700064,3.479194398689383,4
per-agent,EXENATIDE,DRUG EFFECT DECREASED,1525,50779,52401,19913384,140.8998383412123,11.412773369070605,10.838213669389416,12.017791856386705,11.10917365608818,13658.98561678078,3.431429804051702,3.3469057461267844,10.81741930767438,10.369341636921495,4
per-agent,EXENATIDE,ABDOMINAL DISTENSION,1311,50993,97746,19868039,258.81977685282544,5.225744095054731,4.945186371314123,5.522218840003498,5.119825799922108,4305.866570625786,2.3384136659115398,2.247248182542823,5.064034635854711,4.838098173635546,4
per-agent,EXENATIDE,ABDOMINAL PAIN UPPER,1251,51053,194866,19770919,512.4217185766333,2.4861471417268795,2.350121776298031,2.63004567365572,2.4506016753323334,1076.4387084495272,1.286847725459316,1.193520409350228,2.441153577919016,2.3297059911229545,4
per-agent,EXENATIDE,PANCREATIC CARCINOMA,1186,51118,27061,19938724,73.80480164715023,17.09481305571806,16.11875808623621,18.129972039191145,16.72986107720625,16812.65581497372,3.997112848200828,3.901260700505727,16.052045242967214,15.299774701035355,4
per-agent,EXENATIDE,WEIGHT INCREASED,1371,50933,211027,19754758,554.961314838794,2.5198337380240146,2.3878172746403856,2.6591490625011693,2.479995636639208,1214.4936969894932,1.3039962786070889,1.2148490380666128,2.470257916076029,2.3624405016203016,4
per-agent,EXENATIDE,CONSTIPATION,1177,51127,203943,19761842,535.9450884647381,2.230718514573013,2.10512523882433,2.3638047748826034,2.2030235831786187,775.5355622279627,1.1342246531826858,1.0380065133882332,2.195973865331979,2.0926755289833947,4
per-agent,EXENATIDE,ANOREXIA,894,51410,11998,19953787,33.684692280067296,28.92053943439124,27.00582128892552,30.971011480371697,28.443310881042624,22018.806267225893,4.7096591384723,4.599246720654005,26.475313007424297,25.050365074809605,4
per-agent,EXENATIDE,GLYCOSYLATED HAEMOGLOBIN INCREASED,991,51313,23100,19942685,62.94585182431749,16.6731592324941,15.63684077424822,17.77815882412274,16.37620104957498,13720.52173190777,3.9660150255465103,3.861149445181512,15.723776918341851,14.919090486144016,4
per-agent,EXENATIDE,HYPERHIDROSIS,1109,51195,123466,19842319,325.49414681890966,3.4813609046986014,3.279433590276492,3.69572165897771,3.4287486906554934,1900.3525209399704,1.7669917011289418,1.6678657303159536,3.4065628569675708,3.241574365394159,4
per-agent,EXENATIDE,ERUCTATION,801,51503,16485,19949300,45.16549726599777,18.82082683699954,17.523152703083618,20.214600011217616,18.54791305800679,12676.030031453643,4.133526071932997,4.0168745397041485,17.70321765658999,16.697855788091285,4
per-agent,EXENATIDE,BLOOD GLUCOSE FLUCTUATION,740,51564,9838,19955947,27.638587879192663,29.11056560228853,27.00146901211676,31.3844046523864,28.71285570351036,18392.502785695557,4.717877900931676,4.596509198060511,26.69433628612033,25.118608869705877,4
per-agent,EXENATIDE,PANCREATITIS ACUTE,745,51559,20487,19945298,55.47575135668544,14.067403648333883,13.069069480054806,15.1419996432927,13.881276091779725,8589.401819883633,3.735334459042836,3.61437410871694,13.410318027605832,12.621323217359723,4
per-agent,EXENATIDE,FEELING JITTERY,894,51410,17586,19948199,48.2852244287654,19.7254326724015,18.433246349414265,21.108202360991523,19.40537040547876,14847.63364335361,4.196565311980982,4.086152894162687,18.484056321881702,17.48921188567757,4
per-agent,EXENATIDE,MEDICATION ERROR,763,51541,52085,19913700,138.08320024953431,5.659929076483867,5.266762776284972,6.082445424554319,5.591950989045867,2838.5241853072966,2.4618757796746045,2.342352081501698,5.522992483062439,5.201811475536994,4
per-agent,EXENATIDE,INJECTION SITE PRURITUS,450,51854,62821,19902964,165.31679842166753,2.7494331367346816,2.504951755783652,3.0177757140116355,2.7343818039201624,491.34991996094425,1.4419369365272008,1.286250632458617,2.72129538623996,2.5167125858747696,4
per-agent,EXENATIDE,INJECTION SITE IRRITATION,462,51842,11552,19954233,31.390621552336988,15.393525187895118,14.020988130279177,16.900422103534247,15.266387518944226,5912.278160149199,3.858249244339256,3.7046012842006686,14.680727733188304,13.59103657004712,4
per-agent,EXENATIDE,HUNGER,463,51841,11556,19954229,31.40368573643568,15.4217990358583,14.048100909484743,16.929824681272386,15.29413589434709,5936.972733150688,3.860774329919976,3.707292640162575,14.706392844019913,13.61593985290904,4
per-agent,EXENATIDE,INJECTION SITE EXTRAVASATION,494,51810,11753,19954032,31.999412531336034,16.18807787054431,14.788417772058624,17.72020977375507,16.04462975055255,6677.355798902452,3.927484976062604,3.778904160266295,15.399493277483952,14.2929713774403,4
per-agent,EXENATIDE,INJECTION SITE URTICARIA,479,51825,22403,19943382,59.78693210925378,8.227896721243596,7.512841576350858,9.011009185732563,8.16170364749253,2943.470575685336,2.991613594976019,2.8407209014849504,8.00203638025544,7.41839107818373,4
per-agent,EXENATIDE,THERAPEUTIC RESPONSE UNEXPECTED,468,51836,43090,19922695,113.80994619416468,4.174322166894032,3.8093300633792633,4.574286098371106,4.145919314834794,1104.4542397364212,2.035098108892821,1.8824397494502307,4.109967954978952,3.8068034642668223,4
per-agent,EXENATIDE,INCREASED APPETITE,516,51788,16811,19948974,45.27262357560704,11.82354145608492,10.827299857117351,12.911449244833038,11.716762865702927,4901.087504469515,3.496211457893579,3.3508370098109017,11.37826649269772,10.577793336262184,4
per-agent,EXENATIDE,NERVOUSNESS,530,51774,50480,19915305,133.28080617485514,4.038608601830815,3.705743728809862,4.401372742529092,4.007818173584976,1183.989127235176,1.987481606929647,1.8440426511889016,3.97481808746835,3.698796595295513,4
per-agent,EXENATIDE,FLATULENCE,604,51700,53267,19912518,140.75613231612667,4.367313206535639,4.028857107482167,4.73420231473549,4.3284278980172175,1529.3981390543013,2.0974288392384337,1.9630747204390453,4.289259945083226,4.00973800263852,4
per-agent,EXENATIDE,DYSGEUSIA,625,51679,71855,19893930,189.37841269463837,3.348339665856864,3.0933434550162464,3.6243561961313375,3.320278479500934,1006.0100708445076,1.7199339897973211,1.5878589115849695,3.299349711047164,3.087884935138827,4
per-agent,EXENATIDE,EARLY SATIETY,637,51667,1171,19964614,4.724008970087005,210.19878907588216,190.7898747559332,231.582158044229,207.6509986842996,84720.98061185272,6.931124157624333,6.800300428142097,132.43211545225068,124.02238994216552,4
per-agent,EXENATIDE,PANCREATIC CARCINOMA METASTATIC,329,51975,2426,19963359,7.198365438379258,52.08878413150466,46.408182410240826,58.46472090447061,51.76742802146976,14380.963334780576,5.419582498067674,5.237451314705083,45.1753617764936,41.22440307216672,4
per-agent,EXENATIDE,ACCIDENTAL OVERDOSE,337,51967,34642,19931143,91.39441911762906,3.7310537227937774,3.350333059861786,4.155038210722724,3.71345726545626,660.2105886436564,1.8768383498543169,1.6968865354997271,3.68504088471761,3.366462749809844,4
per-agent,EXENATIDE,THYROID CANCER,244,52060,11482,19954303,30.63812454825233,8.145254952497764,7.173127763494131,9.249128194654052,8.11192208678177,1483.6254963569943,2.973080506669648,2.7615126459721124,7.945076275535339,7.142963904426376,4
per-agent,EXENATIDE,RENAL FAILURE ACUTE,368,51936,42107,19923678,110.980243918388,3.3526987644846526,3.024625693895177,3.716357044795533,3.336145668252427,595.7371256812272,1.7248765551507736,1.552686177783861,3.314322841103793,3.0397009217691013,4
per-agent,EXENATIDE,INJECTION SITE NODULE,380,51924,10182,19955603,27.59678249007685,14.343238439039782,12.942444558358616,15.895643824588202,14.246296893329411,4501.460613452543,3.759419619286826,3.589974991761194,13.73057558996064,12.610363692438511,4
per-agent,EXENATIDE,CHOLELITHIASIS,357,51947,31045,19934740,82.04830181342484,4.412926113726745,3.9743225665443735,4.89993365137037,4.389631248657144,921.8924921763772,2.1146328005078234,1.9398045781274225,4.347860842132474,3.9822860621687233,4
per-agent,EXENATIDE,INJECTION SITE RASH,367,51937,28151,19937634,74.51288042529934,5.004595678727061,4.513266895371396,5.549412097303532,4.9764967452976325,1148.818454033416,2.2925340034916544,2.120108742272503,4.921092950081914,4.512799520372865,4
per-agent,EXENATIDE,FEELING COLD,420,51884,26433,19939352,70.16250712043492,6.106332153737818,5.543061582983203,6.726840720341556,6.065328415886604,1746.242260043793,2.5730889581113154,2.411929265056924,5.980299478419389,5.515439493576997,4
per-agent,EXENATIDE,STOMACH DISCOMFORT,435,51869,4736,19961049,13.510979194867202,35.34703979356388,32.02899170130162,39.00882156452693,35.061383585430654,13155.37219803744,4.958043027806199,4.799690929327262,31.99865203595335,29.55322319777294,4
per-agent,EXENATIDE,UNDERDOSE,395,51909,69728,19896057,183.21995631051496,2.171272045719841,1.9660796374800331,2.397879621278719,2.162426594931004,245.13448031117872,1.1061693491063185,0.9399790400406032,2.155469324023521,1.9828737478411131,3
per-agent,EXENATIDE,DEVICE MALFUNCTION,344,51960,61460,19904325,161.4837668071113,2.1440958613687418,1.9278344631115156,2.384617118691194,2.136571217434992,206.33386694043557,1.088654742167403,0.910547045710274,2.129794515253564,1.947485699350034,3
per-agent,EXENATIDE,STRESS,384,51920,68481,19897304,179.93300759128405,2.148922149945024,1.943122851752098,2.376517986168735,2.140487114277028,231.70569899753107,1.0915203154014077,0.9229621572492772,2.133721279609869,1.960519463168996,3
per-agent,EXENATIDE,HEADACHE,2086,50218,598754,19367031,1569.8968747716128,1.3435985042477847,1.2859269164817937,1.403856562514409,1.329895030711136,175.0374987830867,0.4099557137721963,0.3376902364645869,1.328747603576074,1.2815730809033574,2
per-agent,EXENATIDE,DIARRHOEA,2742,49562,609272,19356513,1599.0927133953696,1.7576586294646444,1.6912136992349092,1.8267140687951704,1.717938914681988,844.0912933039044,0.7777870062434499,0.7147585623207932,1.7146993184172878,1.66150411995269,2
per-agent,EXENATIDE,ABDOMINAL PAIN,802,51502,221687,19744098,581.3274511867742,1.3869070169814122,1.2933086632985524,1.4872791997282464,1.3809744032689029,84.54650908452108,0.463910026431406,0.3473313067045739,1.3795879157214694,1.3012891417348065,2
per-agent,EXENATIDE,MALAISE,1596,50708,422564,19543221,1108.2608654602343,1.4556603532553087,1.384776931632746,1.5301721278249398,1.4417563703133642,219.4217324805734,0.5259643104165809,0.4433425749102657,1.4400824722003691,1.3817514357133642,2
per-agent,EXENATIDE,PALPITATIONS,368,51936,111600,19854185,292.5541130324678,1.2605706471930165,1.1375336397065767,1.396915485483583,1.2587373266407251,19.35804972279517,0.3304975335281713,0.1583071561612588,1.2578970534620704,1.1536687933592729,2
per-agent,EXENATIDE,HEART RATE INCREASED,382,51922,94500,19871285,247.9111831304177,1.5470562110972728,1.3986404515023452,1.7112210058873991,1.5430608097390754,72.51764354037405,0.6227296246348661,0.4537299754583453,1.5407872244321654,1.4154001005452552,2
per-agent,EXENATIDE,INJECTION SITE ERYTHEMA,533,51771,117322,19848463,307.9358833902677,1.7417590647059735,1.5989862832158837,1.8972799650188348,1.734200224435855,165.16616332652805,0.7905176530805221,0.6474834797645346,1.7307559233840109,1.6108968429059791,2
per-agent,EXENATIDE,VISION BLURRED,460,51844,129906,19835879,340.62508484201464,1.3548199083393415,1.2357975381023576,1.4853055839965508,1.3516993600478897,41.867554199185584,0.4329003080011053,0.2789181795227565,1.3504433965701816,1.2499944784834485,2
per-agent,EXENATIDE,DEHYDRATION,502,51802,127793,19837992,335.21389978833645,1.5043463438468108,1.377519788063689,1.6428496649230249,1.4995057606292537,83.23738621657061,0.581891325146602,0.4345008598865687,1.4974979190003923,1.3907314660734118,2
per-agent,EXENATIDE,DRUG DOSE OMISSION,824,51480,164652,19801133,432.3617855830294,1.924915652198649,1.79658444747368,2.062413638996857,1.910344481783161,357.7291747634858,0.9296130532034558,0.8146024908339177,1.9056879246266745,1.7989504940918974,2
per-agent,EXENATIDE,ASTHENIA,1540,50764,359823,19605962,944.182551691123,1.6529667657781837,1.5710862365346812,1.7391146744393708,1.6337412989057,383.2559536999848,0.7054971654352968,0.621385948926059,1.6310092399850633,1.5637741081421268,2
per-agent,EXENATIDE,NASOPHARYNGITIS,550,51754,176144,19789641,461.67258902685467,1.193957394134166,1.0975988138157755,1.2987753276188525,1.1919178452129784,16.90101198028528,0.2523108661816466,0.1115074661578938,1.1913393016829434,1.1100849752289454,2
per-agent,EXENATIDE,INTENTIONAL PRODUCT MISUSE,429,51875,82847,19882938,217.586599000534,1.984736945517656,1.8043880586530083,2.183111733649682,1.976660084290463,205.83673334263148,0.9777570094798266,0.8182995832885865,1.9713575146579143,1.81968439202551,2
per-agent,EXENATIDE,OEDEMA PERIPHERAL,440,51864,117993,19847792,309.4461030720765,1.4270612860600511,1.299017328196479,1.567726519090238,1.4234686934119472,55.12835002905624,0.5071246539392742,0.3496763105226299,1.4218589081616406,1.3137959874948355,2
per-agent,EXENATIDE,CHILLS,515,51789,112579,19853206,295.49616729149324,1.7536501876844668,1.6075410084173127,1.913039209987874,1.746229534452257,163.662185756127,0.8003939323653567,0.6548782184148895,1.7426988120293057,1.6199825901851703,2
per-agent,EXENATIDE,RENAL FAILURE,639,51665,129392,19836393,339.7497845074023,1.896093295767332,1.753458109896342,2.050331151889541,1.8851456891598968,265.1085461629211,0.9103501110887386,0.7797315016915841,1.880645264744398,1.761402382589643,2
per-agent,EXENATIDE,PRODUCT QUALITY ISSUE,633,51671,130293,19835492,342.0882734610681,1.8649995731673736,1.7240790016839576,2.017438530668957,1.8545310673204989,248.81474786246636,0.8868688494651963,0.7556319639912198,1.850257703336341,1.7324014159812973,2
per-agent,EXENATIDE,SOMNOLENCE,637,51667,192322,19773463,504.1703798998996,1.2675933609631709,1.1721689902219452,1.3707860745008005,1.2643343947094705,35.16248839232958,0.3370839274681783,0.2062601979859425,1.2634665792687614,1.1832337212000734,2
per-agent,EXENATIDE,DRUG INEFFECTIVE,2250,50054,1260305,18705480,3298.8501909448,0.6671706407782401,0.63955231541828,0.6959816315031746,0.6814882084260101,356.5164483399521,-0.5519363480465147,-0.6215174610246894,0.6820718559341047,0.6587430530716262,0
per-agent,EXENATIDE,FATIGUE,1760,50544,742019,19223766,1943.373156948198,0.9021245564514672,0.8602043188781598,0.9460876881135816,0.9054180097369792,17.919410828875623,-0.1429488550079964,-0.2216254230778864,0.905659035490429,0.8706985371355489,0
per-agent,EXENATIDE,PAIN,654,51650,592806,19372979,1550.6141390419434,0.4138007176520831,0.3830691224744802,0.4469977450108532,0.4211304501898534,535.0927028516002,-1.244839753998057,-1.3739501106467582,0.4218170748493546,0.3953721657864036,0
per-agent,EXENATIDE,DYSPNOEA,739,51565,541930,19423855,1417.9055441306111,0.5136669818322761,0.4776653731567654,0.5523820294549285,0.5205383511429588,334.50567136028747,-0.9396480279943982,-1.0610988987759944,0.5212384431347407,0.4904501988150334,0
per-agent,EXENATIDE,OFF LABEL USE,1110,51194,816098,19149687,2135.2311517847684,0.5087720923921846,0.4793807317089754,0.5399654697724997,0.5191969734231703,514.0586440653026,-0.9435206575121352,-1.0426019383282454,0.5198814078861925,0.4947133514539772,0
per-agent,EXENATIDE,PRURITUS,491,51813,353620,19612165,925.23425907438,0.5255710945274562,0.4808481803093654,0.5744536149124495,0.530024761409282,207.53111060509792,-0.9134066968578908,-1.0624413874588443,0.530747836129661,0.4924983927253157,0
per-agent,EXENATIDE,PYREXIA,422,51882,332730,19633055,870.4718121694833,0.4799452134997861,0.436074083547476,0.5282299880962245,0.4841411281507322,235.05607245882769,-1.0436746873014764,-1.2044513894593316,0.4848750676459389,0.4472713480894024,0
per-agent,EXENATIDE,ANXIETY,463,51841,274772,19691013,719.1441420806951,0.6400342349153669,0.5840283024807162,0.7014109078681592,0.6432206862237598,92.38567825632076,-0.6347143435803595,-0.78819603333776,0.6438990903593818,0.5961551128590475,0
per-agent,EXENATIDE,PAIN IN EXTREMITY,537,51767,284566,19681219,744.9276158178735,0.717447741644182,0.6589197839787101,0.7811743925524144,0.7203486777625873,58.74692107297961,-0.4718035128024025,-0.6143032687212906,0.7209419331432309,0.6711959224402624,0
per-agent,EXENATIDE,COUGH,503,51801,266786,19698999,698.3825407110539,0.7169864758961032,0.6566548678285357,0.7828611829496802,0.7197081760074573,55.26200558385474,-0.4730582279079389,-0.6203019022320898,0.7203066893688264,0.6690008674011741,0
per-agent,EXENATIDE,BACK PAIN,563,51741,223147,19742638,584.5177249436747,0.9626927620720288,0.8858762090208135,1.0461702715442236,0.9630943369984866,0.7662856330889926,-0.0540647259240985,-0.1932309439391315,0.9632359887264128,0.8982809313604718,0
per-agent,EXENATIDE,FALL,641,51663,318384,19647401,833.5602664170391,0.7656535182738836,0.7082215377681254,0.8277428442695974,0.7685254992846369,45.08699586948822,-0.3787023664601398,-0.509116817583784,0.769045012000528,0.7203576259772718,0
per-agent,EXENATIDE,ARTHRALGIA,482,51822,395220,19570565,1033.9047552441195,0.4605717734319662,0.4210382424161431,0.5038173189802706,0.4655427967801956,300.7928343457775,-1.1001999649709882,-1.2506216499267069,0.4662631451445019,0.4323580694802595,0
per-agent,EXENATIDE,CHEST PAIN,494,51810,178476,19787309,467.6194056285792,1.0571102124518288,0.9673571735006812,1.1551906905553782,1.0565708188117402,1.4490802108068783,0.0790939485774993,-0.0694868672188101,1.0564583436682788,0.9805471255074828,0
per-agent,EXENATIDE,INSOMNIA,489,51815,256690,19709095,671.9667604634988,0.7246212894614346,0.662826028059902,0.7921777222262296,0.7271958571704694,50.32359212121958,-0.458154098249763,-0.6074936930595795,0.7277874401804095,0.6752339848889495,0
per-agent,EXENATIDE,URTICARIA,390,51914,157809,19807976,413.3481720457932,0.9429495282394402,0.8534347780042648,1.0418532683730632,0.9433749198727114,1.276347411692878,-0.0837790367210732,-0.2510331966944233,0.9435876927691836,0.8675649071552086,0
per-agent,EXENATIDE,ABDOMINAL DISCOMFORT,407,51897,159279,19806506,417.2334603967442,0.975217543349669,0.8844820324179994,1.0752612512172606,0.9754103863417286,0.229493254122677,-0.0357826484736314,-0.1995003220121309,0.9755388941721564,0.8985463245006816,0
per-agent,EXENATIDE,MUSCLE SPASMS,399,51905,175884,19789901,460.5987130939422,0.8649300542027999,0.7837089376028955,0.9545686705468224,0.8659604325366383,8.198210174171514,-0.2068801361043339,-0.3722338273683311,0.866344049138715,0.797310041907616,0
per-agent,EXENATIDE,MYOCARDIAL INFARCTION,360,51944,170938,19794847,447.5737215475463,0.8025657867253343,0.7234606308110739,0.8903205158516214,0.8039246945866619,17.130821059636975,-0.3137368588905703,-0.487833668967094,0.8044313711555415,0.7370660917940779,0
per-agent,EXENATIDE,RASH,372,51932,412139,19553646,1077.823929347102,0.3398536408599145,0.3068882950513489,0.3763600602180479,0.3445487778589989,472.5073910423719,-1.5334782992232925,-1.7047386494744927,0.3452161445310452,0.3167607334832338,0
per-agent,EXENATIDE,BLOOD PRESSURE INCREASED,390,51914,146858,19818927,384.7349960328381,1.0138241747911492,0.9175729042127224,1.1201719805281751,1.0137210960941363,0.0596083957993209,0.0195837799997962,-0.1476703799735538,1.0137475370045397,0.9320721270103528,0
per-agent,EXENATIDE,HYPERTENSION,410,51894,203043,19762742,531.5894894862341,0.7689992011837423,0.6977162492861229,0.8475648546616062,0.7708099676168004,27.93889681114896,-0.3742866838371848,-0.5374032524904163,0.7713568628118208,0.7106948066412182,0
per-agent,EXENATIDE,DEPRESSION,344,51960,220959,19744826,578.2286267185644,0.5916037460904944,0.5320454053010117,0.6578291794293231,0.5942897416423618,95.78298755644002,-0.7483830256221058,-0.926490722079235,0.5950250797328723,0.5440913784100062,0
per-agent,EXENATIDE,DEATH,346,51958,824609,19141176,2155.472798627281,0.1545767668376364,0.1390658209654818,0.1718177527741187,0.1601693876443467,1587.575808011222,-2.6374117186055117,-2.815002851677733,0.1605672160004652,0.146861144518496,0
per-agent,EXENATIDE,URINARY TRACT INFECTION,334,51970,162580,19803205,425.6676976508597,0.782820362760739,0.702891184274162,0.8718386772565211,0.7842072165164348,19.737693574818,-0.3494150340487228,-0.5301749118733267,0.7847531358588523,0.7166169122139414,0
per-agent,EXENATIDE,CONDITION AGGRAVATED,350,51954,286102,19679683,748.4523326877006,0.4633895749843102,0.4171244559517215,0.5147861630750147,0.4669803835028843,215.225481185749,-1.0954594565797091,-1.2720308045589657,0.4677272995142169,0.4280226242520877,0
per-agent,EXENATIDE,CONFUSIONAL STATE,326,51978,155578,19810207,407.3517115444936,0.7986175773270047,0.7161386173525593,0.8905957860134031,0.7998727522618356,16.215886993075596,-0.3209617145761223,-0.5039308147453053,0.800396060223104,0.7300852733596047,0
per-agent,EXENATIDE,PARAESTHESIA,326,51978,151835,19813950,397.5718633282128,0.8184595192686873,0.7339292907522259,0.9127255079231882,0.8195910234886018,12.836001125450537,-0.285945910123738,-0.468915010292921,0.820080658423818,0.7480406781554964,0
per-agent,EXENATIDE,ILEUS,29,52275,11684,19954101,30.60415766959573,0.947424419321423,0.6580176921643025,1.364116863445075,0.9474535698995752,0.0399642963637704,-0.0763924827430964,-0.6964540982563061,0.9486010710670474,0.6928649901451505,0
per-agent,EXENATIDE,OPTIC ISCHAEMIC NEUROPATHY,0,52304,3059,19962726,7.992667831579728,0.0623843235077732,0.0039009325094098,0.997659869822062,0.0623932865575729,7.043423320804017,-4.086217823836921,-14.409976829160511,0.0276895643387012,0.0007762340939983,0
per-agent,EXENATIDE,DEEP VEIN THROMBOSIS,94,52210,63202,19902583,165.382119342161,0.5669604736432415,0.463033081446844,0.694214283068823,0.5677387260804841,30.555996381836263,-0.8117721501798381,-1.153416639672625,0.5687624371328132,0.4786465540105257,0
per-agent,EXENATIDE,PULMONARY EMBOLISM,117,52187,92098,19873687,240.9427473321754,0.4837843066743224,0.403476651968478,0.5800763296772871,0.4849390412284504,63.70283511791049,-1.0390203704392564,-1.345025934974795,0.4858840929770884,0.4163809583126323,0
per-agent,EXENATIDE,VENOUS THROMBOSIS,5,52299,3790,19961995,9.91571573090718,0.5035485525914242,0.209457636794647,1.2105605157070998,0.5035960108591866,1.9719536965331643,-0.9212584559024538,-2.4834382502899266,0.5118881652915748,0.2359111436649283,0
per-agent,EXENATIDE,PORTAL VEIN THROMBOSIS,9,52295,3074,19962711,8.05537591525345,1.1176298653048249,0.5809241545284571,2.1501886366477336,1.1176096246198342,0.0246095273665566,0.1510962666591118,-0.987868869069505,1.1196761417390588,0.6313328451234002,0
per-agent,LIXISENATIDE,BLOOD GLUCOSE INCREASED,443,2878,182276,19832492,30.31307329086208,16.74791449071474,15.152029700028518,18.51188555865653,14.647244174729613,5657.347058459508,3.847319615693878,3.690406154000776,14.566437442283108,13.462929718892392,4
per-agent,LIXISENATIDE,PRODUCT STORAGE ERROR,387,2934,80839,19933929,13.475389483981214,32.52541376455527,29.2475887434716,36.17058998723979,28.851720561639613,10369.82652506295,4.793235914779785,4.625333553328953,28.50560460271651,26.200198474252296,4
per-agent,LIXISENATIDE,ACCIDENTAL EXPOSURE TO PRODUCT,291,3030,91438,19923330,15.21783667761693,20.925968664803225,18.55107035419841,23.604900213276554,19.179971410525077,5003.454159734255,4.213021312195257,4.0193360084453005,18.99738934381707,17.234658313242992,4
per-agent,LIXISENATIDE,EXPOSURE VIA SKIN CONTACT,155,3166,17104,19997664,2.86326726791953,57.24036136995805,48.68276241263096,67.30224020552491,54.61547247735236,8038.843994466747,5.5309073404242834,5.265240033016086,52.27823200235177,45.72670280687158,4
per-agent,LIXISENATIDE,VISUAL IMPAIRMENT,141,3180,116659,19898109,19.37711436890904,7.56285108169642,6.388302706555415,8.953351009059697,7.284211514542191,761.6874149562979,2.83162181699176,2.553014909028468,7.24075256408424,6.291817820262436,4
per-agent,LIXISENATIDE,BLOOD GLUCOSE DECREASED,94,3227,46431,19968337,7.718495256964838,12.527452029757669,10.202558477482574,15.382127405027424,12.20117064138151,955.734522319959,3.52336815245994,3.181723662967153,12.024940915460878,10.119071528333858,4
per-agent,LIXISENATIDE,INAPPROPRIATE SCHEDULE OF PRODUCT ADMINISTRATION,140,3181,164109,19850659,27.24890118132655,5.3236181427932765,4.494377797576307,6.305858431741363,5.141351795310271,466.3181953413921,2.340067581497403,2.0604624607360376,5.120292072154297,4.446996008764695,4
per-agent,LIXISENATIDE,DEVICE ISSUE,89,3232,81511,19933257,13.537436065950152,6.734117648854051,5.454678935451565,8.313658978876903,6.580448130411411,416.8678857575181,2.672608230546865,2.321425307072752,6.528422929897294,5.4670783878571125,4
per-agent,LIXISENATIDE,DEVICE OPERATIONAL ISSUE,71,3250,3928,20010840,0.6634339072026306,111.29325082249726,87.7912106214839,141.0868763621787,108.9352800882614,7354.055654523308,5.941482080877707,5.54790785814875,92.75423678694244,76.01431247665201,4
per-agent,LIXISENATIDE,GLYCOSYLATED HAEMOGLOBIN INCREASED,69,3252,24022,19990746,3.996695738539278,17.657059979766395,13.906464982686048,22.419196216812317,17.310978336103677,1042.4563145738623,3.950075802981825,3.550782251061808,16.84402494848119,13.763875811637696,4
per-agent,LIXISENATIDE,WRONG TECHNIQUE IN DEVICE USAGE PROCESS,76,3245,42934,19971834,7.135356926427892,10.89470529281228,8.676644688096316,13.679781492040547,10.668268194873788,656.5284713621033,3.324692243109744,2.9444062737022376,10.506863835186088,8.669169141351833,4
per-agent,LIXISENATIDE,INTENTIONAL PRODUCT MISUSE,43,3278,83233,19931535,13.815484385147853,3.141265934093129,2.324947886393665,4.244203376102334,3.1135410213662382,59.81518217647564,1.6034389141219862,1.0961231888672305,3.092970974103179,2.3918726859120243,4
per-agent,LIXISENATIDE,HYPOACUSIS,41,3280,40968,19973800,6.803391122898894,6.094329720757664,4.478098563734632,8.293889519558846,6.031436761242138,167.26674953538566,2.5064729371899,1.9867326213012495,5.943888099125396,4.567521653050302,4
per-agent,LIXISENATIDE,PRODUCT DOSE OMISSION,36,3285,65322,19949446,10.842889048999632,3.3468672997370663,2.409654130647469,4.648601050076616,3.3214270038049576,56.26414046674824,1.686108320553794,1.1308187805025065,3.2934508485360814,2.485357834387707,4
per-agent,LIXISENATIDE,BLOOD GLUCOSE ABNORMAL,71,3250,17735,19997033,2.954014541547897,24.63254916180521,19.46215583875705,31.1765296319558,24.127306466686814,1546.126364513371,4.37159718009138,3.9780229573624224,23.244338325433183,19.049290447412027,4
per-agent,LIXISENATIDE,HYPOGLYCAEMIA,54,3267,46564,19968204,7.733923952481178,7.088157346398203,5.4159819595945455,9.27661409179806,6.989162918001485,271.5014014047345,2.726604200611906,2.2746248935664646,6.8969671054297,5.486315888611989,4
per-agent,LIXISENATIDE,PRODUCT DISPENSING ERROR,55,3266,20320,19994448,3.380211517692823,16.57037070075365,12.689298655002906,21.638483940335,16.312505482885097,774.0135032711919,3.838280567749806,3.390480410550251,15.805832299451128,12.599868490363596,4
per-agent,LIXISENATIDE,BLOOD GLUCOSE FLUCTUATION,36,3285,10542,20004226,1.7548896900198616,20.795332434125207,14.965121405272953,28.896915657056272,20.580748884703794,649.3419915345994,4.016767700811301,3.461478160760014,19.407556517193843,14.645648243929292,4
per-agent,LIXISENATIDE,DIABETES MELLITUS INADEQUATE CONTROL,36,3285,16939,19997829,2.8161516816115664,12.93785290813855,9.312524854532032,17.97450642949619,12.808445288538133,379.7089342657361,3.4603145613032757,2.905025021251988,12.350807241430324,9.320368498028609,4
per-agent,LIXISENATIDE,INCORRECT DOSE ADMINISTERED BY DEVICE,34,3287,23279,19991489,3.867625576047744,8.883007626185254,6.334586691757501,12.456665024340015,8.802302338834968,227.33516013410107,2.981675273307141,2.4099763220700336,8.576035393366574,6.417887045762964,4
per-agent,LIXISENATIDE,HYPERGLYCAEMIA,20,3301,34891,19979877,5.791733216891982,3.4694758179302694,2.235093548384667,5.385574335312457,3.4546039370634807,32.507731287745514,1.704094505960293,0.9536988190224334,3.4014633065305824,2.3245040721643018,4
per-agent,LIXISENATIDE,INJURY ASSOCIATED WITH DEVICE,19,3302,18849,19995919,3.1302002903473958,6.1042116924074366,3.8876551205628633,9.584543697983392,6.075009638159999,75.55198520671614,2.4253530701124646,1.6548240320048344,5.892602538068469,3.986078224256477,4
per-agent,LIXISENATIDE,PRODUCT DISPENSING ISSUE,19,3302,2538,20012230,0.4242061767234624,45.37121399786838,28.85420704867392,71.3430473472316,45.117358813899855,770.4514973397303,4.3991155822861385,3.628586544178508,36.16379211023592,24.46316433288591,4
per-agent,LIXISENATIDE,PRODUCT PRESCRIBING ISSUE,24,3297,16931,19997837,2.8128336825757945,8.597906323095147,5.752871896540279,12.849928604385692,8.542998237652725,152.2993359944013,2.8866440679060963,2.2034511020599687,8.248956384213933,5.832653480744993,4
per-agent,LIXISENATIDE,DEVICE MECHANICAL ISSUE,24,3297,11098,20003670,1.8451392637928623,13.120707548647166,8.777782493005361,19.61235274561749,13.033114359497052,254.32851474455305,3.385036245802,2.7018432799558725,12.347399958634776,8.730571722345763,4
per-agent,LIXISENATIDE,PANCREATITIS,26,3295,50768,19964000,8.426722151150392,3.1029547007733598,2.1092982519313934,4.564706705765884,3.0864907374430044,34.68570918559971,1.5697899325644096,0.9140803447315246,3.0540363958332395,2.189811486811716,4
per-agent,LIXISENATIDE,DEVICE LEAKAGE,31,3290,38953,19975815,6.467443720526969,4.8320274444995945,3.392087413615072,6.883221561650129,4.796257239507277,89.49235149311487,2.176650479481857,1.577363102114209,4.725797592619218,3.487199269911723,4
per-agent,LIXISENATIDE,PRODUCT TEMPERATURE EXCURSION ISSUE,18,3303,4249,20010519,0.7078950942819766,25.66466224141215,16.133638906974248,40.82618259672556,25.53097843522563,398.4795269206008,3.9369582036242416,3.144589163321776,22.27113918899086,14.89996331531858,4
per-agent,LIXISENATIDE,DEVICE USE ISSUE,13,3308,16208,19998560,2.6910631179629583,4.848943779237506,2.8119266729911114,8.361617676607324,4.833877151977618,35.788550590813685,2.080850357328262,1.1423832994965175,4.671480431799939,2.903834896384337,4
per-agent,LIXISENATIDE,MULTIPLE USE OF SINGLE-USE PRODUCT,14,3307,5249,20009519,0.8731314462634271,16.138156285099996,9.540538511186575,27.298258686020542,16.074339908107707,182.68291835936512,3.4005112576284438,2.49766633651711,14.400338155329903,9.112699756117852,4
per-agent,LIXISENATIDE,IMPAIRED GASTRIC EMPTYING,15,3306,10932,20003836,1.8161067722298567,8.302369772419238,4.99770053188582,13.79221171780996,8.269387072453478,88.64890872399073,2.7424945474673867,1.8715194829435,7.843979962174555,5.043897195830454,4
per-agent,LIXISENATIDE,INJECTION SITE RASH,14,3307,28504,19986264,4.731134825107431,2.968381055129234,1.755841969562098,5.018268295892057,2.9600831524578077,16.278435320848864,1.4708570412066302,0.5680121200952967,2.9066999132640703,1.839393165979612,3
per-agent,LIXISENATIDE,EXTRA DOSE ADMINISTERED,17,3304,36849,19977919,6.116067622638704,2.789545336747305,1.7318286052672245,4.493264034386315,2.780384761401113,17.665422480092275,1.4033090366155043,0.5871386433843041,2.7416944220386017,1.8123480491885655,3
per-agent,LIXISENATIDE,EXPIRED PRODUCT ADMINISTERED,16,3305,31799,19982969,5.2781069661544615,3.042251197824992,1.8613275320478224,4.97241468323685,3.0324119869953625,19.8311231177238,1.5137972075791215,0.6715530056659903,2.9828518910873822,1.9460037921388076,3
per-agent,LIXISENATIDE,CONTRAINDICATED PRODUCT ADMINISTERED,13,3308,28756,19986012,4.772775713006372,2.731338461639381,1.584067133239771,4.709528804358679,2.7245611656438045,12.5306229117065,1.356324871767613,0.4178578139358687,2.676805074148757,1.6639264786852286,3
per-agent,LIXISENATIDE,INTENTIONAL PRODUCT USE ISSUE,32,3289,84074,19930694,13.953181345132394,2.306464719258418,1.628218156674531,3.2672400067377443,2.2938760799882374,22.16277433341393,1.1690526333265998,0.5793997803463357,2.280095048038142,1.6907747904871842,3
per-agent,LIXISENATIDE,INJECTION SITE REACTION,20,3301,65490,19949278,10.8681058416715,1.8455960980003516,1.1890330036660417,2.8647017756883177,1.840503679463764,6.879454236106544,0.850632017899481,0.1002363309616213,1.827527777667917,1.2489024217978155,2
per-agent,LIXISENATIDE,OFF LABEL USE,254,3067,816954,19197814,135.57476780126214,1.9461401691666,1.7123322422760427,2.211873060925071,1.873776542858766,106.95673228186968,0.903266082058676,0.6959165611594382,1.8724372581499595,1.6869799779228694,2
per-agent,LIXISENATIDE,INJECTION SITE PAIN,73,3248,286618,19728150,47.5620230782269,1.5469979553809232,1.2266939255340428,1.9509370871881289,1.534974212308714,13.267800494832096,0.6128468727359833,0.2247531140073625,1.53253589585974,1.2594647599731794,2
per-agent,LIXISENATIDE,INCORRECT DOSE ADMINISTERED,58,3263,211036,19803732,35.02048442286374,1.6680206145225198,1.2865502392435764,2.162599396124574,1.656353888945192,14.585718460176432,0.7197853676223921,0.2838599868964344,1.652699383407007,1.325481214702375,2
per-agent,LIXISENATIDE,WEIGHT INCREASED,47,3274,212351,19802417,35.23681795999608,1.338699416265679,1.0037336003915205,1.7854499704015376,1.3339060189261762,3.6394033970381705,0.4105163322737014,-0.0744072664840432,1.3313193147315356,1.0413706953528723,1
per-agent,LIXISENATIDE,CATARACT,16,3305,56559,19958209,9.385789772440315,1.7083166069282638,1.0452482986353568,2.7920118438049566,1.7049040607943124,3.9949477674580463,0.7390378923752711,-0.1032063095378601,1.6915177111024593,1.1035411748437065,1
per-agent,LIXISENATIDE,INJECTION SITE HAEMORRHAGE,21,3300,75660,19939108,12.5554742513134,1.6770451060966525,1.0918878793784907,2.575795867872088,1.6727638813968544,5.046844295589347,0.7196817940758344,-0.012076420360522,1.6629039575330609,1.1471825543919414,1
per-agent,LIXISENATIDE,INJECTION SITE PRURITUS,17,3304,63254,19951514,10.496655849616817,1.6229186302260663,1.0075997598402784,2.6139991148393724,1.619729947084289,3.444946034126605,0.670290064007034,-0.1458803292241662,1.6085678910350687,1.0633150273315637,1
per-agent,LIXISENATIDE,WRONG TECHNIQUE IN PRODUCT USAGE PROCESS,32,3289,193592,19821176,32.122212265116815,0.9961577454880268,0.7032504403815347,1.4110623995591371,0.9961947681150618,0.0,-0.0054149031389695,-0.5950677561192337,0.994526978230203,0.7374785295454469,0
per-agent,LIXISENATIDE,ABDOMINAL PAIN UPPER,31,3290,196086,19818682,32.53580084492581,0.952344280301054,0.6686211806034398,1.3564626047347,0.9527891244174852,0.0333072543634562,-0.068678489948516,-0.667965867316164,0.951286943882742,0.7019613242356115,0
per-agent,LIXISENATIDE,PRODUCT USE ISSUE,33,3288,176801,19837967,29.33675207458614,1.1261456857945409,0.799210289100263,1.5868215448794811,1.1248922056285606,0.3441755107927554,0.1670705982117303,-0.4133974095445806,1.122593084130783,0.8363485805903359,0
per-agent,LIXISENATIDE,DYSPNOEA,34,3287,542635,19472133,90.02876093717038,0.3711803165888329,0.2647552953760941,0.52038554026756,0.3776180971476945,35.20971676024744,-1.3917798465430011,-1.9634787977801085,0.3777634531959739,0.2826997629352594,0
per-agent,LIXISENATIDE,WEIGHT DECREASED,44,3277,268117,19746651,44.48789697158405,0.9888839639780824,0.734429777181666,1.33149761161048,0.9890312405769875,0.0,-0.015731591416261,-0.5171598696501215,0.9878358324894768,0.7662160720250434,0
per-agent,LIXISENATIDE,RASH,45,3276,412466,19602302,68.43555501226915,0.6528111168190593,0.4864296261616149,0.8761027933379951,0.6575155732307252,7.849676065871531,-0.599381730932285,-1.0951227574377205,0.6572696786188514,0.5112932443538433,0
per-agent,LIXISENATIDE,COUGH,44,3277,267245,19747523,44.34323221362439,0.9921544277336168,0.7368586452872731,1.3359012814291569,0.9922583738883054,0.0,-0.0110849324860124,-0.512513210719873,0.9910510993718256,0.7687099977160124,0
per-agent,LIXISENATIDE,DIZZINESS,58,3263,477467,19537301,79.2213744778535,0.7273310471556074,0.5610039964047384,0.9429709156203868,0.7320931065548771,5.553315174918939,-0.4465299592301622,-0.8824553399561199,0.7317818928851423,0.5868962994825123,0
per-agent,LIXISENATIDE,VOMITING,73,3248,447376,19567392,74.23176752785943,0.9830307493741725,0.7795035268327446,1.2396986298979158,0.983403756087718,0.0073798257737232,-0.0239773948388111,-0.4120711535674318,0.982691012876046,0.8075926338843831,0
per-agent,LIXISENATIDE,DIARRHOEA,75,3246,611939,19402829,101.53309309395118,0.732604651233178,0.5826991779432521,0.9210748793277952,0.7386433899135488,6.886537104891682,-0.434488597737073,-0.8173245846255622,0.7383989196963884,0.6084582103790592,0
per-agent,LIXISENATIDE,HEADACHE,58,3263,600782,19413986,99.67932703266531,0.5743924457684523,0.4430410097628646,0.7446865515507378,0.5818255195852031,17.541242960395092,-0.7760762954454158,-1.2120016761713737,0.5817470306074395,0.4665668593579627,0
per-agent,LIXISENATIDE,MALAISE,55,3266,424105,19590663,70.36812355065462,0.7778972754504166,0.5959011203094826,1.0154774853232509,0.7815755801328096,3.21003297433453,-0.352649078335885,-0.8004492355354403,0.7811455212924244,0.6227024716985545,0
per-agent,LIXISENATIDE,PRODUCT DOSE OMISSION ISSUE,50,3271,254403,19760365,42.213740432465855,1.187304719695554,0.8979526712641623,1.5698962122655464,1.1844847148823117,1.274040595501451,0.2415831478781531,-0.2283642815030892,1.182710691835938,0.9322231687223071,0
per-agent,LIXISENATIDE,PRURITUS,50,3271,354061,19660707,58.74699782781463,0.8488100237899079,0.6419556945500597,1.122318039395538,0.8510862956389005,1.1787708139765445,-0.2304586635530814,-0.7004060929343239,0.8504386000185821,0.6703233275776118,0
per-agent,LIXISENATIDE,FATIGUE,47,3274,743732,19271036,123.3929002413767,0.3719698825702354,0.2789028223294471,0.4960924826206258,0.3808579932354564,48.4872952583056,-1.3830940967670344,-1.868017695524779,0.3809693161321916,0.2979978411330196,0
per-agent,LIXISENATIDE,NAUSEA,144,3177,753620,19261148,125.0494112599859,1.1584439614708024,0.9802652452585608,1.3690094781583264,1.1515737625994396,2.8293044368214626,0.2028142293438627,-0.0728609851248353,1.1509798507574898,1.001630376040468,0
per-agent,LIXISENATIDE,DRUG INEFFECTIVE,113,3208,1262442,18752326,209.45781363046197,0.5232241651270487,0.4337207006365812,0.6311977421669948,0.5394468900113135,46.92770978100895,-0.8874071818982654,-1.1988145325033643,0.5394505871671675,0.4609957054926306,0
per-agent,LIXISENATIDE,PAIN,32,3289,593428,19421340,98.4549853884654,0.3184177448195705,0.224795438721658,0.4510316614632123,0.3249852341799359,45.540677085984825,-1.6063326744680788,-2.195985527448343,0.3251744389679195,0.2411288706542442,0
per-agent,LIXISENATIDE,URTICARIA,24,3297,158175,19856593,26.24520647300549,0.9138169000857568,0.6115904654473651,1.3653929779162155,0.9144397228493648,0.11699342871953,-0.1264985921055464,-0.8096915579516742,0.9127466784716752,0.6453828633903684,0
per-agent,LIXISENATIDE,CONSTIPATION,25,3296,205095,19809673,34.02939811087862,0.7326137061868322,0.4942842072579378,1.0858587723655957,0.7346265509159287,2.160367398253942,-0.4373279394089714,-1.1063570439379165,0.733880084629739,0.5226577038914498,0
per-agent,LIXISENATIDE,NASOPHARYNGITIS,21,3300,176673,19838095,29.31352608133573,0.7145541351948104,0.4652465147825328,1.0974560709233123,0.7163591225964692,2.1015926368976694,-0.4716303548708923,-1.2033885693072486,0.7155635806395723,0.4936436963477658,0
per-agent,LIXISENATIDE,PERIPHERAL SWELLING,25,3296,146281,19868487,24.272158346383613,1.0302192998772213,0.6950678827870389,1.5269757560711497,1.029991813428281,0.0021548432633524,0.0417776740198725,-0.6272514305090724,1.0276536826470308,0.731878579916603,0
per-agent,LIXISENATIDE,TREMOR,25,3296,160115,19854653,26.567218279427173,0.940552597738458,0.6345734228591262,1.394069082072083,0.9410001090472622,0.0432235772357331,-0.0860493811156908,-0.7550784856446358,0.939219193172518,0.6688969454757651,0
per-agent,LIXISENATIDE,VISION BLURRED,23,3298,130343,19884425,21.62771311487325,1.0639041650274357,0.7059564659020154,1.603345428554836,1.063461588756544,0.0354174830235924,0.086806399565255,-0.6114877292848472,1.0606821980474297,0.7442561700420444,0
per-agent,LIXISENATIDE,DECREASED APPETITE,26,3295,221121,19793647,36.68827663819459,0.70633993339731,0.4801855807928396,1.0390068370815104,0.7086389884203963,2.8613481673942074,-0.4888555331211037,-1.1445651209539889,0.7080214109445652,0.5076669749942645,0
per-agent,LIXISENATIDE,CONDITION AGGRAVATED,25,3296,286427,19728341,47.52237298974942,0.5224315752304904,0.3524796488451131,0.7743276858453317,0.526026640156488,10.355275631855369,-0.913209447945198,-1.5822385524741431,0.5259589748881559,0.3745796021905083,0
per-agent,LIXISENATIDE,COVID-19,26,3295,171967,19842801,28.533630407977505,0.9104912804273164,0.6189682206336647,1.339316533707492,0.911192041255046,0.1462199415436963,-0.131732620284434,-0.787442208117319,0.909642762032627,0.6522339327428728,0
per-agent,LIXISENATIDE,FEELING ABNORMAL,28,3293,232872,19781896,38.63809877156606,0.7222988806629682,0.4979202751816536,1.0477895739767618,0.7246402330693028,2.6918555784916727,-0.4576117559654797,-1.088903455631597,0.7240090183621926,0.5256179211746665,0
per-agent,LIXISENATIDE,ABDOMINAL PAIN,26,3295,222463,19792305,36.91091437349489,0.7020313626755972,0.4772565834798443,1.0326689064960168,0.7043641493574503,2.969948693074253,-0.4974668680676313,-1.1531764559005164,0.7037626280222762,0.5046133336637979,0
per-agent,LIXISENATIDE,ASTHENIA,28,3293,361335,19653433,59.95010427818559,0.4624818487937511,0.3188166429501284,0.6708854923146036,0.4670137693700158,16.804969318353603,-1.0847829088900132,-1.7160746085561305,0.4670664074159503,0.3390820665077387,0
per-agent,LIXISENATIDE,CEREBROVASCULAR ACCIDENT,29,3292,164286,19850482,27.2598505781446,1.0644093290530343,0.7384700843642172,1.5342086886980046,1.063846886854137,0.0568952691982074,0.0877151520752345,-0.5323464634379751,1.06162213324678,0.7751364345000085,0
per-agent,LIXISENATIDE,BLOOD PRESSURE INCREASED,18,3303,147230,19867538,24.42843610096848,0.7353797585604906,0.462721407528485,1.1687019024880427,0.7368140146116533,1.4496496161098862,-0.4302671066667016,-1.2226361469691671,0.7357796977574097,0.4922554886712264,0
per-agent,LIXISENATIDE,SOMNOLENCE,19,3302,192940,19821828,32.01188879717739,0.5911503637457363,0.3765690600971781,0.9280070764882656,0.5934894613334603,4.93870493068822,-0.7374932486995073,-1.5080222868071371,0.5931686902896451,0.4012517023504047,0
per-agent,LIXISENATIDE,PAIN IN EXTREMITY,20,3301,285083,19729685,47.29857395478659,0.4193081487220658,0.2701549098669127,0.650809284463275,0.4228052390639986,15.405549191224374,-1.2213436670726432,-1.9717393540105028,0.4229682311320115,0.2890495316456392,0
per-agent,LIXISENATIDE,GASTROINTESTINAL DISORDER,19,3302,82866,19931902,13.750617503998509,1.3840408214597566,0.8816228515544093,2.1727760255869217,1.381843659277361,1.6475024911678828,0.4524496888620942,-0.3180793492455359,1.3750851174738463,0.9301826837719032,0
per-agent,LIXISENATIDE,MUSCLE SPASMS,20,3301,176263,19838505,29.24534120115062,0.6819181582130953,0.4393470440017505,1.0584169868658255,0.6838337369049766,2.638823214205955,-0.5370398174354846,-1.287435504373344,0.6831554278943895,0.466857182028924,0
per-agent,LIXISENATIDE,BACK PAIN,20,3301,223690,19791078,37.11347821462878,0.536052532670304,0.3453703798200144,0.8320120501705951,0.5388465553582275,7.522154768444457,-0.8756258125202749,-1.6260214994581346,0.5387240722534641,0.3681551693713247,0
per-agent,LIXISENATIDE,HYPERSENSITIVITY,20,3301,177781,19836987,29.497177327965723,0.6760438016894328,0.4355623987588207,1.049299074265982,0.6779947574154825,2.769356081118376,-0.5492028427725927,-1.2995985297104522,0.6773431022866914,0.4628851343170175,0
per-agent,LIXISENATIDE,ILLNESS,20,3301,91304,19923464,15.150647197142543,1.3220854219690747,0.8517751264028204,2.05207901569613,1.320145732586545,1.2545152981837826,0.3894015919464975,-0.3609940949913621,1.3144244343661589,0.8982560371503229,0
per-agent,LIXISENATIDE,ABDOMINAL DISCOMFORT,22,3299,159664,19855104,26.491899701315145,0.82928827713099,0.5452664038324846,1.261253291516132,0.8304191587639673,0.6064520813657185,-0.262601516422801,-0.9770420248312126,0.8290821573175464,0.5770009373140431,0
per-agent,LIXISENATIDE,PRODUCT USE IN UNAPPROVED INDICATION,22,3299,228547,19786221,37.91958608036961,0.5773347463763903,0.3796073955170502,0.8780529918799221,0.5801346968671218,6.343679809094761,-0.7719169745362743,-1.486357482944686,0.5798985657824776,0.4035812531367783,0
per-agent,LIXISENATIDE,INJECTION SITE SWELLING,17,3304,71764,19943004,11.90846443933784,1.429857710226674,0.8877433179516828,2.3030227658733478,1.4276572943658326,1.7770198970893671,0.4960303305879101,-0.32014006264329,1.4194921761295394,0.9383299085293108,0
per-agent,LIXISENATIDE,HYPERHIDROSIS,17,3304,124558,19890210,20.666986494065444,0.8216306370220985,0.5101308074837468,1.3233407859117543,0.822543699102985,0.4884256174678908,-0.274460967999723,-1.0906313612309233,0.820891564204857,0.5426356828912409,0
per-agent,LIXISENATIDE,INJECTION SITE ERYTHEMA,17,3304,117838,19896930,19.552138818046014,0.8687795546206232,0.5394034473118521,1.3992827044177918,0.8694512642175666,0.2166983911949056,-0.1964012047781905,-1.0125715980093908,0.8674539570634449,0.5734149196962187,0
per-agent,LIXISENATIDE,FALL,17,3304,319008,19695760,52.926232119359646,0.317672815388722,0.1972393412220941,0.5116424391387733,0.3211656073605352,24.1006097601499,-1.6101933527412404,-2.4263637459724405,0.321514722998412,0.2125315557881563,0
per-agent,LIXISENATIDE,GAIT DISTURBANCE,18,3303,185369,19829399,30.75569436223408,0.58295680448731,0.3668147685940866,0.9264584335046706,0.585217201210956,4.930183592386396,-0.7565937823854343,-1.5489628226878998,0.5849133991137755,0.3913220655430894,0
per-agent,LIXISENATIDE,MEMORY IMPAIRMENT,18,3303,132610,19882158,22.00297880581908,0.817054783782401,0.5141120100511326,1.2985079256080987,0.8180463567700302,0.5615036020101543,-0.2825907184310159,-1.0749597587334814,0.8165107561913696,0.5462666373091669,0
per-agent,LIXISENATIDE,DRUG DOSE OMISSION,15,3306,165461,19849307,27.452460422171168,0.5442997237295906,0.32775303559074,0.903918978868121,0.5463579905600802,5.248199662964577,-0.8507070615810345,-1.7216821261049216,0.5461750748440655,0.3512057580109823,0
per-agent,LIXISENATIDE,DEATH,15,3306,824940,19189828,136.85999472776848,0.1055448700729354,0.0635555792895604,0.17527524291707,0.1095848661430666,112.25956491116182,-3.147621768466172,-4.018596832990059,0.1098830136050459,0.0706578327411027,0
per-agent,LIXISENATIDE,CARDIAC DISORDER,15,3306,90730,19924038,15.054591125056945,0.9963567338364382,0.5999503112202114,1.6546816002847862,0.9963731894198328,0.0,-0.0050722565437512,-0.8760473210676383,0.9929222492868408,0.6384766117463619,0
per-agent,LIXISENATIDE,LOSS OF CONSCIOUSNESS,16,3305,123255,19891513,20.4506529569331,0.7812891456410768,0.4780564079165355,1.276863397264903,0.7823428564720744,0.768042555075808,-0.3445291837995733,-1.1867733857127047,0.780885059281494,0.5094471137259051,0
per-agent,LIXISENATIDE,INJECTION SITE BRUISING,16,3305,74615,19940153,12.381279301935365,1.2937514865771371,0.7916062851140223,2.114425997488715,1.2923362430404814,0.788645178852972,0.3571901429048121,-0.4850540590083191,1.2856385537713784,0.8387468075214811,0
per-agent,LIXISENATIDE,ANAEMIA,14,3307,183870,19830898,30.506346734695803,0.4565888959720937,0.2701084811582291,0.771813676605334,0.4588796985786552,8.477623249906324,-1.096510652855715,-1.9993555739670483,0.4590187015841047,0.2904723184178014,0
per-agent,LIXISENATIDE,DRUG DOSE OMISSION BY DEVICE,13,3308,71488,19943280,11.862012452837032,1.0963299816294076,0.6358741717389247,1.890215835206192,1.0959528994971637,0.0344422949788094,0.1270457838241302,-0.8114212740076141,1.090745005683055,0.6780170562202267,0
per-agent,LIXISENATIDE,MYOCARDIAL INFARCTION,13,3308,171285,19843483,28.418329941484423,0.4552777463923295,0.2640698373229031,0.7849356384713492,0.4574100527147925,7.900348307388502,-1.0990248305347394,-2.037491888366484,0.4575694308422668,0.2844293367373774,0
per-agent,LIXISENATIDE,RENAL IMPAIRMENT,13,3308,79902,19934866,13.257894647186353,0.9804682213946668,0.5686770105389374,1.6904462732787042,0.9805446782214868,0.0,-0.0273003058994396,-0.965767363731184,0.9767853074019436,0.6071786670882791,0
per-agent,LIXISENATIDE,OPTIC ISCHAEMIC NEUROPATHY,0,3321,3059,20011709,0.507487952521342,0.98493105431581,0.061576349854305,15.754249546310682,0.9849333227104636,0.0001105194851319,-1.0107625871982708,-11.334521592521863,0.2853619654537676,0.0055436690010135,0
per-agent,LIXISENATIDE,ILEUS,3,3318,11710,20003058,1.943186135299928,1.5444874089470833,0.4977930398439226,4.79203437063725,1.5439955504024154,0.1596731609395958,0.5185911418562044,-1.5507744740942817,1.496066814241471,0.542417028299373,0
per-agent,LIXISENATIDE,DEEP VEIN THROMBOSIS,1,3320,63295,19951473,10.500803348411528,0.094943989561215,0.0133695060514593,0.6742478831382228,0.0952165147073875,7.740828849435716,-2.8745744765025143,-6.657675301467645,0.1021252131022353,0.0179950775653419,0
per-agent,LIXISENATIDE,PULMONARY EMBOLISM,2,3319,92213,19922555,15.29846405418619,0.1301894002713179,0.032545152022156,0.5207927721912845,0.1307132247818441,10.758337565698184,-2.6597843046605125,-5.252851985998584,0.1341973550516574,0.0386179039313729,0
per-agent,LIXISENATIDE,VENOUS THROMBOSIS,0,3321,3795,20010973,0.6295903170377553,0.7938849236245253,0.049634624669141,12.697855099328695,0.7939159510332828,0.0266834180752898,-1.1757996268471862,-11.49955863217078,0.237770450607265,0.0046191182987281,0
per-agent,LIXISENATIDE,PORTAL VEIN THROMBOSIS,0,3321,3083,20011685,0.5114695513642686,0.9772625630173842,0.0610970354919682,15.63156230715736,0.9772659857837523,0.0002572835522513,-1.0164528905764167,-11.340211895900012,0.2835115221256583,0.0055077208139457,0
per-agent,LIXISENATIDE,THYROID CANCER,2,3319,11724,20003044,1.94534283467318,1.0281181444592504,0.2569856692596625,4.113174567326923,1.0281012109184742,0.0,0.0318913510965239,-2.5611763302415467,1.0092231191451648,0.2904236185986377,0
per-agent,ORFORGLIPRON,DYSPEPSIA,1,0,93658,19924430,0.0046787183332035,425.4720365585428,14.273056147232309,12683.089874089575,142.4906788528476,52.68461453233879,1.571525344324849,-2.2115754806402816,38.630437196341965,38.60926567236603,0
per-agent,ORFORGLIPRON,NAUSEA,1,0,753763,19264325,0.0376541437097217,51.11507197885808,1.7147358433258866,1523.7044198808933,17.70502399295269,5.899157679037522,1.480212165586608,-2.3028886593785227,38.63043173086428,38.60926020988374,0
per-agent,ORFORGLIPRON,OPTIC ISCHAEMIC NEUROPATHY,0,1,3059,20015029,0.000152811789377,3271.498692383132,109.7273777115492,97539.0455643601,2181.3324615887545,0.0,-0.0004408542571505,-10.324199859580744,38.63043365598115,38.60926213277014,0
per-agent,ORFORGLIPRON,ILEUS,0,1,11713,20006375,0.0005851207875037,854.0243746264834,28.648234514914535,25459.077838686557,569.6829164176555,0.0,-0.0016873146264896,-10.325446319950084,38.63043358432851,38.6092620611568,0
per-agent,ORFORGLIPRON,DEEP VEIN THROMBOSIS,0,1,63296,19954792,0.0031619401832013,157.63075075834175,5.287929271800413,4698.900516152049,105.42050050556117,0.0,-0.0090947041470436,-10.332853709470635,38.63043315723625,38.60926163429859,0
per-agent,ORFORGLIPRON,PULMONARY EMBOLISM,0,1,92215,19925873,0.0046065835754851,108.04030255381446,3.624363121991277,3220.622929610488,72.36020170254297,0.0,-0.0132309343157588,-10.336989939639352,38.63043291779534,38.60926139498889,0
per-agent,ORFORGLIPRON,VENOUS THROMBOSIS,0,1,3795,20014293,0.0001895785356933,2636.929249011858,88.44683670272521,78616.67102538668,1758.286166007905,0.0,-0.0005469043518321,-10.324305909675427,38.630433649887294,38.60926212667961,0
per-agent,ORFORGLIPRON,PORTAL VEIN THROMBOSIS,0,1,3083,20015005,0.0001540107050178,3246.027408368472,108.87321738886428,96779.48524516584,2164.351605578981,0.0,-0.0004443125353717,-10.324203317858966,38.630433655782426,38.60926213257154,0
per-agent,ORFORGLIPRON,THYROID CANCER,0,1,11726,20006362,0.0005857702001424,853.0770083574962,28.616456660487884,25430.83481027205,569.0513389049975,0.0,-0.0016891862438167,-10.32544819156741,38.6304335842209,38.60926206104922,0
